201905270931,0.04,0.01,0.00,1274,mysql,20,0,368m,19m,5048,S,0.0,1.6,0:00.06,mysqld,1382,root,20,0,255m,9140,3744,S,2.0,0.8,0:00.02,httpd,1416,daemon,20,0,591m,9132,1336,S,0.0,0.8,0:00.00,httpd,1417,daemon,20,0,591m,9132,1336,S,0.0,0.8,0:00.00,httpd,1415,daemon,20,0,591m,9128,1332,S,0.0,0.8,0:00.00,httpd,1521,postfix,20,0,81332,4164,3032,S,0.0,0.3,0:00.00,local,1519,postfix,20,0,81176,3608,2684,S,0.0,0.3,0:00.00,cleanup,1376,postfix,20,0,81100,3564,2656,S,0.0,0.3,0:00.00,qmgr,1375,postfix,20,0,81032,3484,2588,S,0.0,0.3,0:00.00,pickup,1369,root,20,0,80952,3472,2564,S,0.0,0.3,0:00.01,master
201905270932,0.01,0.01,0.00,1274,mysql,20,0,368m,25m,5048,S,0.0,2.1,0:00.08,mysqld,1382,root,20,0,255m,9140,3744,S,0.0,0.8,0:00.02,httpd,1416,daemon,20,0,591m,9132,1336,S,0.0,0.8,0:00.00,httpd,1417,daemon,20,0,591m,9132,1336,S,0.0,0.8,0:00.00,httpd,1415,daemon,20,0,591m,9128,1332,S,0.0,0.8,0:00.00,httpd,1521,postfix,20,0,81332,4168,3032,S,0.0,0.3,0:00.00,local,1519,postfix,20,0,81176,3608,2684,S,0.0,0.3,0:00.00,cleanup,1376,postfix,20,0,81100,3580,2656,S,0.0,0.3,0:00.00,qmgr,1375,postfix,20,0,81032,3488,2588,S,0.0,0.3,0:00.00,pickup,1369,root,20,0,80952,3472,2564,S,0.0,0.3,0:00.01,master
201905270933,0.00,0.00,0.00,1274,mysql,20,0,368m,25m,5048,S,0.0,2.1,0:00.11,mysqld,1382,root,20,0,255m,9140,3744,S,0.0,0.8,0:00.02,httpd,1416,daemon,20,0,591m,9132,1336,S,0.0,0.8,0:00.00,httpd,1417,daemon,20,0,591m,9132,1336,S,0.0,0.8,0:00.00,httpd,1415,daemon,20,0,591m,9128,1332,S,0.0,0.8,0:00.00,httpd,1521,postfix,20,0,81332,4168,3032,S,0.0,0.3,0:00.00,local,1519,postfix,20,0,81176,3608,2684,S,0.0,0.3,0:00.00,cleanup,1376,postfix,20,0,81100,3580,2656,S,0.0,0.3,0:00.00,qmgr,1375,postfix,20,0,81032,3488,2588,S,0.0,0.3,0:00.00,pickup,1369,root,20,0,80952,3472,2564,S,0.0,0.3,0:00.01,master
201905270934,0.00,0.00,0.00,1274,mysql,20,0,368m,25m,5048,S,0.0,2.1,0:00.13,mysqld,1382,root,20,0,255m,9140,3744,S,0.0,0.8,0:00.04,httpd,1416,daemon,20,0,591m,9132,1336,S,0.0,0.8,0:00.00,httpd,1417,daemon,20,0,591m,9132,1336,S,0.0,0.8,0:00.00,httpd,1415,daemon,20,0,591m,9128,1332,S,0.0,0.8,0:00.00,httpd,1521,postfix,20,0,81332,4168,3032,S,0.0,0.3,0:00.00,local,1519,postfix,20,0,81176,3608,2684,S,0.0,0.3,0:00.00,cleanup,1376,postfix,20,0,81100,3580,2656,S,0.0,0.3,0:00.00,qmgr,1375,postfix,20,0,81032,3488,2588,S,0.0,0.3,0:00.00,pickup,1369,root,20,0,80952,3472,2564,S,0.0,0.3,0:00.01,master
201905270935,0.00,0.00,0.00,1274,mysql,20,0,368m,25m,5048,S,0.0,2.1,0:00.15,mysqld,1382,root,20,0,255m,9140,3744,S,0.0,0.8,0:00.04,httpd,1416,daemon,20,0,591m,9132,1336,S,0.0,0.8,0:00.00,httpd,1417,daemon,20,0,591m,9132,1336,S,0.0,0.8,0:00.00,httpd,1415,daemon,20,0,591m,9128,1332,S,0.0,0.8,0:00.00,httpd,1521,postfix,20,0,81332,4168,3032,S,0.0,0.3,0:00.00,local,1519,postfix,20,0,81176,3608,2684,S,0.0,0.3,0:00.00,cleanup,1376,postfix,20,0,81100,3580,2656,S,0.0,0.3,0:00.00,qmgr,1375,postfix,20,0,81032,3488,2588,S,0.0,0.3,0:00.00,pickup,1369,root,20,0,80952,3472,2564,S,0.0,0.3,0:00.01,master
201905270936,0.00,0.00,0.00,1274,mysql,20,0,368m,25m,5048,S,0.0,2.1,0:00.17,mysqld,1382,root,20,0,255m,9140,3744,S,0.0,0.8,0:00.05,httpd,1416,daemon,20,0,591m,9132,1336,S,0.0,0.8,0:00.00,httpd,1417,daemon,20,0,591m,9132,1336,S,0.0,0.8,0:00.00,httpd,1415,daemon,20,0,591m,9128,1332,S,0.0,0.8,0:00.00,httpd,1521,postfix,20,0,81332,4168,3032,S,0.0,0.3,0:00.00,local,1519,postfix,20,0,81176,3608,2684,S,0.0,0.3,0:00.00,cleanup,1376,postfix,20,0,81100,3580,2656,S,0.0,0.3,0:00.00,qmgr,1375,postfix,20,0,81032,3488,2588,S,0.0,0.3,0:00.00,pickup,1369,root,20,0,80952,3472,2564,S,0.0,0.3,0:00.01,master
201905270937,0.00,0.00,0.00,1274,mysql,20,0,368m,25m,5048,S,0.0,2.1,0:00.20,mysqld,1382,root,20,0,255m,9140,3744,S,0.0,0.8,0:00.05,httpd,1416,daemon,20,0,591m,9132,1336,S,0.0,0.8,0:00.00,httpd,1417,daemon,20,0,591m,9132,1336,S,0.0,0.8,0:00.00,httpd,1415,daemon,20,0,591m,9128,1332,S,0.0,0.8,0:00.00,httpd,1521,postfix,20,0,81332,4168,3032,S,0.0,0.3,0:00.00,local,1519,postfix,20,0,81176,3608,2684,S,0.0,0.3,0:00.00,cleanup,1376,postfix,20,0,81100,3580,2656,S,0.0,0.3,0:00.00,qmgr,1375,postfix,20,0,81032,3488,2588,S,0.0,0.3,0:00.00,pickup,1369,root,20,0,80952,3472,2564,S,0.0,0.3,0:00.01,master
201905270938,0.00,0.00,0.00,1274,mysql,20,0,368m,25m,5048,S,0.0,2.1,0:00.22,mysqld,1382,root,20,0,255m,9140,3744,S,0.0,0.8,0:00.05,httpd,1416,daemon,20,0,591m,9132,1336,S,0.0,0.8,0:00.00,httpd,1417,daemon,20,0,591m,9132,1336,S,0.0,0.8,0:00.00,httpd,1415,daemon,20,0,591m,9128,1332,S,0.0,0.8,0:00.00,httpd,1521,postfix,20,0,81332,4168,3032,S,0.0,0.3,0:00.00,local,1519,postfix,20,0,81176,3608,2684,S,0.0,0.3,0:00.00,cleanup,1376,postfix,20,0,81100,3580,2656,S,0.0,0.3,0:00.00,qmgr,1375,postfix,20,0,81032,3488,2588,S,0.0,0.3,0:00.00,pickup,1369,root,20,0,80952,3472,2564,S,0.0,0.3,0:00.01,master
201905270939,0.00,0.00,0.00,1274,mysql,20,0,368m,25m,5048,S,0.0,2.1,0:00.24,mysqld,1382,root,20,0,255m,9140,3744,S,0.0,0.8,0:00.06,httpd,1416,daemon,20,0,591m,9132,1336,S,0.0,0.8,0:00.00,httpd,1417,daemon,20,0,591m,9132,1336,S,0.0,0.8,0:00.00,httpd,1415,daemon,20,0,591m,9128,1332,S,0.0,0.8,0:00.00,httpd,1521,postfix,20,0,81332,4168,3032,S,0.0,0.3,0:00.00,local,1519,postfix,20,0,81176,3608,2684,S,0.0,0.3,0:00.00,cleanup,1376,postfix,20,0,81100,3580,2656,S,0.0,0.3,0:00.00,qmgr,1375,postfix,20,0,81032,3488,2588,S,0.0,0.3,0:00.00,pickup,1369,root,20,0,80952,3472,2564,S,0.0,0.3,0:00.01,master
201905270940,0.00,0.00,0.00,1274,mysql,20,0,368m,25m,5048,S,0.0,2.1,0:00.26,mysqld,1382,root,20,0,255m,9140,3744,S,0.0,0.8,0:00.06,httpd,1416,daemon,20,0,591m,9132,1336,S,0.0,0.8,0:00.00,httpd,1417,daemon,20,0,591m,9132,1336,S,0.0,0.8,0:00.00,httpd,1415,daemon,20,0,591m,9128,1332,S,0.0,0.8,0:00.00,httpd,1521,postfix,20,0,81332,4168,3032,S,0.0,0.3,0:00.00,local,1519,postfix,20,0,81176,3608,2684,S,0.0,0.3,0:00.00,cleanup,1376,postfix,20,0,81100,3580,2656,S,0.0,0.3,0:00.00,qmgr,1375,postfix,20,0,81032,3488,2588,S,0.0,0.3,0:00.00,pickup,1369,root,20,0,80952,3472,2564,S,0.0,0.3,0:00.01,master
201905270941,0.00,0.00,0.00,1274,mysql,20,0,368m,25m,5048,S,0.0,2.1,0:00.28,mysqld,1382,root,20,0,255m,9140,3744,S,0.0,0.8,0:00.08,httpd,1416,daemon,20,0,591m,9132,1336,S,0.0,0.8,0:00.00,httpd,1417,daemon,20,0,591m,9132,1336,S,0.0,0.8,0:00.00,httpd,1415,daemon,20,0,591m,9128,1332,S,0.0,0.8,0:00.00,httpd,1521,postfix,20,0,81332,4168,3032,S,0.0,0.3,0:00.00,local,1519,postfix,20,0,81176,3608,2684,S,0.0,0.3,0:00.00,cleanup,1376,postfix,20,0,81100,3580,2656,S,0.0,0.3,0:00.00,qmgr,1375,postfix,20,0,81032,3488,2588,S,0.0,0.3,0:00.00,pickup,1369,root,20,0,80952,3472,2564,S,0.0,0.3,0:00.02,master
201905270942,0.00,0.00,0.00,1274,mysql,20,0,368m,25m,5048,S,0.0,2.1,0:00.31,mysqld,1382,root,20,0,255m,9140,3744,S,0.0,0.8,0:00.09,httpd,1416,daemon,20,0,591m,9132,1336,S,0.0,0.8,0:00.00,httpd,1417,daemon,20,0,591m,9132,1336,S,0.0,0.8,0:00.00,httpd,1415,daemon,20,0,591m,9128,1332,S,0.0,0.8,0:00.00,httpd,1521,postfix,20,0,81332,4168,3032,S,0.0,0.3,0:00.00,local,1519,postfix,20,0,81176,3608,2684,S,0.0,0.3,0:00.00,cleanup,1376,postfix,20,0,81100,3580,2656,S,0.0,0.3,0:00.00,qmgr,1375,postfix,20,0,81032,3488,2588,S,0.0,0.3,0:00.00,pickup,1369,root,20,0,80952,3472,2564,S,0.0,0.3,0:00.02,master
201905270943,0.00,0.00,0.00,1274,mysql,20,0,368m,25m,5048,S,0.0,2.1,0:00.33,mysqld,1382,root,20,0,255m,9140,3744,S,0.0,0.8,0:00.09,httpd,1416,daemon,20,0,591m,9132,1336,S,0.0,0.8,0:00.00,httpd,1417,daemon,20,0,591m,9132,1336,S,0.0,0.8,0:00.00,httpd,1415,daemon,20,0,591m,9128,1332,S,0.0,0.8,0:00.00,httpd,1521,postfix,20,0,81332,4168,3032,S,0.0,0.3,0:00.00,local,1519,postfix,20,0,81176,3608,2684,S,0.0,0.3,0:00.00,cleanup,1376,postfix,20,0,81100,3580,2656,S,0.0,0.3,0:00.00,qmgr,1375,postfix,20,0,81032,3488,2588,S,0.0,0.3,0:00.00,pickup,1369,root,20,0,80952,3472,2564,S,0.0,0.3,0:00.02,master
201905270944,0.00,0.00,0.00,1274,mysql,20,0,368m,25m,5048,S,0.0,2.1,0:00.53,mysqld,1382,root,20,0,255m,9140,3744,S,0.0,0.8,0:00.18,httpd,1416,daemon,20,0,591m,9132,1336,S,0.0,0.8,0:00.00,httpd,1417,daemon,20,0,591m,9132,1336,S,0.0,0.8,0:00.00,httpd,1415,daemon,20,0,591m,9128,1332,S,0.0,0.8,0:00.00,httpd,1521,postfix,20,0,81332,4168,3032,S,0.0,0.3,0:00.00,local,1519,postfix,20,0,81176,3608,2684,S,0.0,0.3,0:00.02,cleanup,1376,postfix,20,0,81100,3580,2656,S,0.0,0.3,0:00.00,qmgr,1375,postfix,20,0,81032,3488,2588,S,0.0,0.3,0:00.00,pickup,1369,root,20,0,80952,3472,2564,S,0.0,0.3,0:00.02,master
201905270945,0.00,0.00,0.00,1274,mysql,20,0,368m,25m,5048,S,0.0,2.1,0:00.55,mysqld,1382,root,20,0,255m,9140,3744,S,0.0,0.8,0:00.20,httpd,1416,daemon,20,0,591m,9132,1336,S,0.0,0.8,0:00.00,httpd,1417,daemon,20,0,591m,9132,1336,S,0.0,0.8,0:00.00,httpd,1415,daemon,20,0,591m,9128,1332,S,0.0,0.8,0:00.00,httpd,1521,postfix,20,0,81332,4168,3032,S,0.0,0.3,0:00.00,local,1519,postfix,20,0,81176,3608,2684,S,0.0,0.3,0:00.02,cleanup,1376,postfix,20,0,81100,3580,2656,S,0.0,0.3,0:00.00,qmgr,1375,postfix,20,0,81032,3488,2588,S,0.0,0.3,0:00.00,pickup,1369,root,20,0,80952,3472,2564,S,0.0,0.3,0:00.02,master
201905270946,0.00,0.00,0.00,1274,mysql,20,0,368m,25m,5048,S,0.0,2.1,0:00.58,mysqld,1382,root,20,0,255m,9140,3744,S,0.0,0.8,0:00.20,httpd,1416,daemon,20,0,591m,9132,1336,S,0.0,0.8,0:00.00,httpd,1417,daemon,20,0,591m,9132,1336,S,0.0,0.8,0:00.00,httpd,1415,daemon,20,0,591m,9128,1332,S,0.0,0.8,0:00.00,httpd,1521,postfix,20,0,81332,4168,3032,S,0.0,0.3,0:00.00,local,1519,postfix,20,0,81176,3608,2684,S,0.0,0.3,0:00.03,cleanup,1376,postfix,20,0,81100,3580,2656,S,0.0,0.3,0:00.00,qmgr,1375,postfix,20,0,81032,3488,2588,S,0.0,0.3,0:00.00,pickup,1369,root,20,0,80952,3472,2564,S,0.0,0.3,0:00.02,master
201905270947,0.00,0.00,0.00,1274,mysql,20,0,368m,25m,5048,S,0.0,2.1,0:00.60,mysqld,1382,root,20,0,255m,9140,3744,S,0.0,0.8,0:00.21,httpd,1416,daemon,20,0,591m,9132,1336,S,0.0,0.8,0:00.00,httpd,1417,daemon,20,0,591m,9132,1336,S,0.0,0.8,0:00.00,httpd,1415,daemon,20,0,591m,9128,1332,S,0.0,0.8,0:00.00,httpd,1521,postfix,20,0,81332,4168,3032,S,0.0,0.3,0:00.00,local,1519,postfix,20,0,81176,3608,2684,S,0.0,0.3,0:00.03,cleanup,1376,postfix,20,0,81100,3580,2656,S,0.0,0.3,0:00.00,qmgr,1375,postfix,20,0,81032,3488,2588,S,0.0,0.3,0:00.00,pickup,1369,root,20,0,80952,3472,2564,S,0.0,0.3,0:00.02,master
201905270948,0.00,0.00,0.00,1274,mysql,20,0,368m,25m,5048,S,0.0,2.1,0:00.63,mysqld,1382,root,20,0,255m,9140,3744,S,0.0,0.8,0:00.22,httpd,1416,daemon,20,0,591m,9132,1336,S,0.0,0.8,0:00.00,httpd,1417,daemon,20,0,591m,9132,1336,S,0.0,0.8,0:00.00,httpd,1415,daemon,20,0,591m,9128,1332,S,0.0,0.8,0:00.00,httpd,1521,postfix,20,0,81332,4168,3032,S,0.0,0.3,0:00.00,local,1519,postfix,20,0,81176,3608,2684,S,0.0,0.3,0:00.03,cleanup,1376,postfix,20,0,81100,3580,2656,S,0.0,0.3,0:00.00,qmgr,1375,postfix,20,0,81032,3488,2588,S,0.0,0.3,0:00.00,pickup,1369,root,20,0,80952,3472,2564,S,0.0,0.3,0:00.02,master
201905270949,0.00,0.00,0.00,1274,mysql,20,0,368m,25m,5048,S,0.0,2.1,0:00.66,mysqld,1382,root,20,0,255m,9140,3744,S,0.0,0.8,0:00.22,httpd,1416,daemon,20,0,591m,9132,1336,S,0.0,0.8,0:00.00,httpd,1417,daemon,20,0,591m,9132,1336,S,0.0,0.8,0:00.00,httpd,1415,daemon,20,0,591m,9128,1332,S,0.0,0.8,0:00.00,httpd,1521,postfix,20,0,81332,4168,3032,S,0.0,0.3,0:00.00,local,1519,postfix,20,0,81176,3608,2684,S,0.0,0.3,0:00.03,cleanup,1376,postfix,20,0,81100,3580,2656,S,0.0,0.3,0:00.00,qmgr,1375,postfix,20,0,81032,3488,2588,S,0.0,0.3,0:00.00,pickup,1369,root,20,0,80952,3472,2564,S,0.0,0.3,0:00.02,master
201905270950,0.00,0.00,0.00,1274,mysql,20,0,368m,25m,5048,S,0.0,2.1,0:00.68,mysqld,1382,root,20,0,255m,9140,3744,S,0.0,0.8,0:00.23,httpd,1416,daemon,20,0,591m,9132,1336,S,0.0,0.8,0:00.00,httpd,1417,daemon,20,0,591m,9132,1336,S,0.0,0.8,0:00.00,httpd,1415,daemon,20,0,591m,9128,1332,S,0.0,0.8,0:00.00,httpd,1521,postfix,20,0,81332,4168,3032,S,0.0,0.3,0:00.00,local,1519,postfix,20,0,81176,3608,2684,S,0.0,0.3,0:00.03,cleanup,1376,postfix,20,0,81100,3580,2656,S,0.0,0.3,0:00.00,qmgr,1375,postfix,20,0,81032,3488,2588,S,0.0,0.3,0:00.00,pickup,1369,root,20,0,80952,3472,2564,S,0.0,0.3,0:00.02,master
201905270951,0.00,0.00,0.00,1274,mysql,20,0,368m,25m,5048,S,0.0,2.1,0:00.70,mysqld,1382,root,20,0,255m,9140,3744,S,0.0,0.8,0:00.23,httpd,1416,daemon,20,0,591m,9132,1336,S,0.0,0.8,0:00.00,httpd,1417,daemon,20,0,591m,9132,1336,S,0.0,0.8,0:00.00,httpd,1415,daemon,20,0,591m,9128,1332,S,0.0,0.8,0:00.00,httpd,1521,postfix,20,0,81332,4168,3032,S,0.0,0.3,0:00.00,local,1519,postfix,20,0,81176,3608,2684,S,0.0,0.3,0:00.03,cleanup,1376,postfix,20,0,81100,3580,2656,S,0.0,0.3,0:00.00,qmgr,1375,postfix,20,0,81032,3488,2588,S,0.0,0.3,0:00.00,pickup,1369,root,20,0,80952,3472,2564,S,0.0,0.3,0:00.02,master
201905270952,0.00,0.00,0.00,1274,mysql,20,0,368m,25m,5048,S,0.0,2.1,0:00.73,mysqld,1382,root,20,0,255m,9140,3744,S,0.0,0.8,0:00.23,httpd,1416,daemon,20,0,591m,9132,1336,S,0.0,0.8,0:00.00,httpd,1417,daemon,20,0,591m,9132,1336,S,0.0,0.8,0:00.00,httpd,1415,daemon,20,0,591m,9128,1332,S,0.0,0.8,0:00.00,httpd,1521,postfix,20,0,81332,4168,3032,S,0.0,0.3,0:00.00,local,1519,postfix,20,0,81176,3608,2684,S,0.0,0.3,0:00.03,cleanup,1376,postfix,20,0,81100,3580,2656,S,0.0,0.3,0:00.00,qmgr,1375,postfix,20,0,81032,3488,2588,S,0.0,0.3,0:00.00,pickup,1369,root,20,0,80952,3472,2564,S,0.0,0.3,0:00.02,master
201905270953,0.00,0.00,0.00,1274,mysql,20,0,368m,25m,5048,S,0.0,2.1,0:00.75,mysqld,1382,root,20,0,255m,9140,3744,S,0.0,0.8,0:00.24,httpd,1416,daemon,20,0,591m,9132,1336,S,0.0,0.8,0:00.00,httpd,1417,daemon,20,0,591m,9132,1336,S,0.0,0.8,0:00.00,httpd,1415,daemon,20,0,591m,9128,1332,S,0.0,0.8,0:00.00,httpd,1521,postfix,20,0,81332,4168,3032,S,0.0,0.3,0:00.00,local,1519,postfix,20,0,81176,3608,2684,S,0.0,0.3,0:00.03,cleanup,1376,postfix,20,0,81100,3580,2656,S,0.0,0.3,0:00.00,qmgr,1375,postfix,20,0,81032,3488,2588,S,0.0,0.3,0:00.00,pickup,1369,root,20,0,80952,3472,2564,S,0.0,0.3,0:00.02,master
201905270954,0.00,0.00,0.00,1274,mysql,20,0,368m,25m,5048,S,0.0,2.1,0:00.78,mysqld,1382,root,20,0,255m,9140,3744,S,0.0,0.8,0:00.24,httpd,1416,daemon,20,0,591m,9132,1336,S,0.0,0.8,0:00.00,httpd,1417,daemon,20,0,591m,9132,1336,S,0.0,0.8,0:00.00,httpd,1415,daemon,20,0,591m,9128,1332,S,0.0,0.8,0:00.00,httpd,1521,postfix,20,0,81332,4168,3032,S,0.0,0.3,0:00.00,local,1519,postfix,20,0,81176,3608,2684,S,0.0,0.3,0:00.03,cleanup,1376,postfix,20,0,81100,3580,2656,S,0.0,0.3,0:00.00,qmgr,1375,postfix,20,0,81032,3488,2588,S,0.0,0.3,0:00.00,pickup,1369,root,20,0,80952,3472,2564,S,0.0,0.3,0:00.02,master
201905270955,0.00,0.00,0.00,1274,mysql,20,0,368m,25m,5048,S,0.0,2.1,0:00.80,mysqld,1382,root,20,0,255m,9140,3744,S,0.0,0.8,0:00.25,httpd,1416,daemon,20,0,591m,9132,1336,S,0.0,0.8,0:00.00,httpd,1417,daemon,20,0,591m,9132,1336,S,0.0,0.8,0:00.00,httpd,1415,daemon,20,0,591m,9128,1332,S,0.0,0.8,0:00.00,httpd,1521,postfix,20,0,81332,4168,3032,S,0.0,0.3,0:00.00,local,1519,postfix,20,0,81176,3608,2684,S,0.0,0.3,0:00.03,cleanup,1376,postfix,20,0,81100,3580,2656,S,0.0,0.3,0:00.00,qmgr,1375,postfix,20,0,81032,3488,2588,S,0.0,0.3,0:00.00,pickup,1369,root,20,0,80952,3472,2564,S,0.0,0.3,0:00.02,master
201905270956,0.00,0.00,0.00,1274,mysql,20,0,368m,25m,5048,S,0.0,2.1,0:00.83,mysqld,1382,root,20,0,255m,9140,3744,S,0.0,0.8,0:00.25,httpd,1416,daemon,20,0,591m,9132,1336,S,0.0,0.8,0:00.00,httpd,1417,daemon,20,0,591m,9132,1336,S,0.0,0.8,0:00.00,httpd,1415,daemon,20,0,591m,9128,1332,S,0.0,0.8,0:00.00,httpd,1521,postfix,20,0,81332,4168,3032,S,0.0,0.3,0:00.00,local,1519,postfix,20,0,81176,3608,2684,S,0.0,0.3,0:00.03,cleanup,1376,postfix,20,0,81100,3580,2656,S,0.0,0.3,0:00.00,qmgr,1375,postfix,20,0,81032,3488,2588,S,0.0,0.3,0:00.00,pickup,1369,root,20,0,80952,3472,2564,S,0.0,0.3,0:00.02,master
201905270957,0.00,0.00,0.00,1274,mysql,20,0,368m,25m,5048,S,0.0,2.1,0:00.85,mysqld,1382,root,20,0,255m,9140,3744,S,0.0,0.8,0:00.26,httpd,1416,daemon,20,0,591m,9132,1336,S,0.0,0.8,0:00.00,httpd,1417,daemon,20,0,591m,9132,1336,S,0.0,0.8,0:00.00,httpd,1415,daemon,20,0,591m,9128,1332,S,0.0,0.8,0:00.00,httpd,1521,postfix,20,0,81332,4168,3032,S,0.0,0.3,0:00.00,local,1519,postfix,20,0,81176,3608,2684,S,0.0,0.3,0:00.03,cleanup,1376,postfix,20,0,81100,3580,2656,S,0.0,0.3,0:00.00,qmgr,1375,postfix,20,0,81032,3488,2588,S,0.0,0.3,0:00.00,pickup,1369,root,20,0,80952,3472,2564,S,0.0,0.3,0:00.02,master
201905270958,0.00,0.00,0.00,1274,mysql,20,0,368m,25m,5048,S,0.0,2.1,0:00.87,mysqld,1382,root,20,0,255m,9140,3744,S,0.0,0.8,0:00.27,httpd,1416,daemon,20,0,591m,9132,1336,S,0.0,0.8,0:00.00,httpd,1417,daemon,20,0,591m,9132,1336,S,0.0,0.8,0:00.00,httpd,1415,daemon,20,0,591m,9128,1332,S,0.0,0.8,0:00.00,httpd,1521,postfix,20,0,81332,4168,3032,S,0.0,0.3,0:00.00,local,1519,postfix,20,0,81176,3608,2684,S,2.0,0.3,0:00.04,cleanup,1376,postfix,20,0,81100,3580,2656,S,0.0,0.3,0:00.00,qmgr,1375,postfix,20,0,81032,3488,2588,S,0.0,0.3,0:00.00,pickup,1369,root,20,0,80952,3472,2564,S,0.0,0.3,0:00.02,master
201905270959,0.00,0.00,0.00,1274,mysql,20,0,368m,25m,5048,S,0.0,2.1,0:00.90,mysqld,1382,root,20,0,255m,9140,3744,S,0.0,0.8,0:00.27,httpd,1416,daemon,20,0,591m,9132,1336,S,0.0,0.8,0:00.00,httpd,1417,daemon,20,0,591m,9132,1336,S,0.0,0.8,0:00.00,httpd,1415,daemon,20,0,591m,9128,1332,S,0.0,0.8,0:00.00,httpd,1521,postfix,20,0,81332,4168,3032,S,0.0,0.3,0:00.00,local,1519,postfix,20,0,81176,3608,2684,S,0.0,0.3,0:00.04,cleanup,1376,postfix,20,0,81100,3580,2656,S,0.0,0.3,0:00.00,qmgr,1375,postfix,20,0,81032,3488,2588,S,0.0,0.3,0:00.00,pickup,1369,root,20,0,80952,3472,2564,S,0.0,0.3,0:00.02,master
201905271000,0.00,0.00,0.00,1274,mysql,20,0,368m,25m,5048,S,0.0,2.1,0:00.93,mysqld,1382,root,20,0,255m,9140,3744,S,0.0,0.8,0:00.28,httpd,1416,daemon,20,0,591m,9132,1336,S,0.0,0.8,0:00.00,httpd,1417,daemon,20,0,591m,9132,1336,S,0.0,0.8,0:00.00,httpd,1415,daemon,20,0,591m,9128,1332,S,0.0,0.8,0:00.00,httpd,1521,postfix,20,0,81332,4168,3032,S,0.0,0.3,0:00.00,local,1519,postfix,20,0,81176,3608,2684,S,0.0,0.3,0:00.04,cleanup,1376,postfix,20,0,81100,3580,2656,S,0.0,0.3,0:00.00,qmgr,1375,postfix,20,0,81032,3488,2588,S,0.0,0.3,0:00.00,pickup,1369,root,20,0,80952,3472,2564,S,0.0,0.3,0:00.02,master
201905271001,0.00,0.00,0.00,1274,mysql,20,0,368m,25m,5048,S,0.0,2.1,0:00.96,mysqld,1382,root,20,0,255m,9140,3744,S,0.0,0.8,0:00.28,httpd,1416,daemon,20,0,591m,9132,1336,S,0.0,0.8,0:00.00,httpd,1417,daemon,20,0,591m,9132,1336,S,0.0,0.8,0:00.00,httpd,1415,daemon,20,0,591m,9128,1332,S,0.0,0.8,0:00.00,httpd,1521,postfix,20,0,81332,4168,3032,S,0.0,0.3,0:00.00,local,1519,postfix,20,0,81176,3608,2684,S,0.0,0.3,0:00.04,cleanup,1376,postfix,20,0,81100,3580,2656,S,0.0,0.3,0:00.00,qmgr,1375,postfix,20,0,81032,3488,2588,S,0.0,0.3,0:00.00,pickup,1369,root,20,0,80952,3472,2564,S,0.0,0.3,0:00.02,master
201905271002,0.00,0.00,0.00,1274,mysql,20,0,368m,25m,5048,S,0.0,2.1,0:00.98,mysqld,1382,root,20,0,255m,9140,3744,S,0.0,0.8,0:00.29,httpd,1416,daemon,20,0,591m,9132,1336,S,0.0,0.8,0:00.00,httpd,1417,daemon,20,0,591m,9132,1336,S,0.0,0.8,0:00.00,httpd,1415,daemon,20,0,591m,9128,1332,S,0.0,0.8,0:00.00,httpd,1521,postfix,20,0,81332,4168,3032,S,0.0,0.3,0:00.00,local,1519,postfix,20,0,81176,3608,2684,S,0.0,0.3,0:00.04,cleanup,1376,postfix,20,0,81100,3580,2656,S,0.0,0.3,0:00.00,qmgr,1375,postfix,20,0,81032,3488,2588,S,0.0,0.3,0:00.00,pickup,1369,root,20,0,80952,3472,2564,S,0.0,0.3,0:00.02,master
201905271003,0.00,0.00,0.00,1274,mysql,20,0,368m,25m,5048,S,0.0,2.1,0:01.01,mysqld,1382,root,20,0,255m,9140,3744,S,0.0,0.8,0:00.29,httpd,1416,daemon,20,0,591m,9132,1336,S,0.0,0.8,0:00.00,httpd,1417,daemon,20,0,591m,9132,1336,S,0.0,0.8,0:00.00,httpd,1415,daemon,20,0,591m,9128,1332,S,0.0,0.8,0:00.00,httpd,1521,postfix,20,0,81332,4168,3032,S,0.0,0.3,0:00.00,local,1519,postfix,20,0,81176,3608,2684,S,0.0,0.3,0:00.04,cleanup,1376,postfix,20,0,81100,3580,2656,S,0.0,0.3,0:00.00,qmgr,1375,postfix,20,0,81032,3488,2588,S,0.0,0.3,0:00.00,pickup,1369,root,20,0,80952,3472,2564,S,0.0,0.3,0:00.02,master
201905271004,0.00,0.00,0.00,1274,mysql,20,0,368m,25m,5048,S,0.0,2.1,0:01.03,mysqld,1382,root,20,0,255m,9140,3744,S,0.0,0.8,0:00.30,httpd,1416,daemon,20,0,591m,9132,1336,S,0.0,0.8,0:00.00,httpd,1417,daemon,20,0,591m,9132,1336,S,0.0,0.8,0:00.00,httpd,1415,daemon,20,0,591m,9128,1332,S,0.0,0.8,0:00.00,httpd,1521,postfix,20,0,81332,4168,3032,S,0.0,0.3,0:00.00,local,1519,postfix,20,0,81176,3608,2684,S,0.0,0.3,0:00.04,cleanup,1376,postfix,20,0,81100,3580,2656,S,0.0,0.3,0:00.00,qmgr,1375,postfix,20,0,81032,3488,2588,S,0.0,0.3,0:00.00,pickup,1369,root,20,0,80952,3472,2564,S,0.0,0.3,0:00.02,master
201905271005,0.00,0.00,0.00,1274,mysql,20,0,368m,25m,5048,S,0.0,2.1,0:01.06,mysqld,1382,root,20,0,255m,9140,3744,S,0.0,0.8,0:00.31,httpd,1416,daemon,20,0,591m,9132,1336,S,0.0,0.8,0:00.00,httpd,1417,daemon,20,0,591m,9132,1336,S,0.0,0.8,0:00.00,httpd,1415,daemon,20,0,591m,9128,1332,S,0.0,0.8,0:00.00,httpd,1521,postfix,20,0,81332,4168,3032,S,2.0,0.3,0:00.01,local,1519,postfix,20,0,81176,3608,2684,S,0.0,0.3,0:00.04,cleanup,1376,postfix,20,0,81100,3580,2656,S,0.0,0.3,0:00.00,qmgr,1375,postfix,20,0,81032,3488,2588,S,0.0,0.3,0:00.00,pickup,1369,root,20,0,80952,3472,2564,S,0.0,0.3,0:00.02,master
201905271006,0.00,0.00,0.00,1274,mysql,20,0,368m,25m,5048,S,0.0,2.1,0:01.08,mysqld,1382,root,20,0,255m,9140,3744,S,0.0,0.8,0:00.32,httpd,1416,daemon,20,0,591m,9132,1336,S,0.0,0.8,0:00.00,httpd,1417,daemon,20,0,591m,9132,1336,S,0.0,0.8,0:00.00,httpd,1415,daemon,20,0,591m,9128,1332,S,0.0,0.8,0:00.00,httpd,1521,postfix,20,0,81332,4168,3032,S,0.0,0.3,0:00.01,local,1519,postfix,20,0,81176,3608,2684,S,0.0,0.3,0:00.04,cleanup,1376,postfix,20,0,81100,3580,2656,S,0.0,0.3,0:00.00,qmgr,1375,postfix,20,0,81032,3488,2588,S,0.0,0.3,0:00.00,pickup,1369,root,20,0,80952,3472,2564,S,0.0,0.3,0:00.02,master
201905271007,0.00,0.00,0.00,1274,mysql,20,0,368m,25m,5048,S,0.0,2.1,0:01.11,mysqld,1382,root,20,0,255m,9140,3744,S,0.0,0.8,0:00.32,httpd,1416,daemon,20,0,591m,9132,1336,S,0.0,0.8,0:00.00,httpd,1417,daemon,20,0,591m,9132,1336,S,0.0,0.8,0:00.00,httpd,1415,daemon,20,0,591m,9128,1332,S,0.0,0.8,0:00.00,httpd,1521,postfix,20,0,81332,4168,3032,S,0.0,0.3,0:00.01,local,1519,postfix,20,0,81176,3608,2684,S,0.0,0.3,0:00.04,cleanup,1376,postfix,20,0,81100,3580,2656,S,0.0,0.3,0:00.00,qmgr,1375,postfix,20,0,81032,3488,2588,S,0.0,0.3,0:00.00,pickup,1369,root,20,0,80952,3472,2564,S,0.0,0.3,0:00.02,master
201905271008,0.00,0.00,0.00,1274,mysql,20,0,368m,25m,5048,S,0.0,2.1,0:01.14,mysqld,1382,root,20,0,255m,9140,3744,S,0.0,0.8,0:00.33,httpd,1416,daemon,20,0,591m,9132,1336,S,0.0,0.8,0:00.00,httpd,1417,daemon,20,0,591m,9132,1336,S,0.0,0.8,0:00.00,httpd,1415,daemon,20,0,591m,9128,1332,S,0.0,0.8,0:00.00,httpd,1521,postfix,20,0,81332,4168,3032,S,0.0,0.3,0:00.01,local,1519,postfix,20,0,81176,3608,2684,S,0.0,0.3,0:00.04,cleanup,1376,postfix,20,0,81100,3580,2656,S,0.0,0.3,0:00.00,qmgr,1375,postfix,20,0,81032,3488,2588,S,0.0,0.3,0:00.00,pickup,1369,root,20,0,80952,3472,2564,S,0.0,0.3,0:00.02,master
201905271009,0.00,0.00,0.00,1274,mysql,20,0,368m,25m,5048,S,0.0,2.1,0:01.16,mysqld,1382,root,20,0,255m,9140,3744,S,0.0,0.8,0:00.33,httpd,1416,daemon,20,0,591m,9132,1336,S,0.0,0.8,0:00.00,httpd,1417,daemon,20,0,591m,9132,1336,S,0.0,0.8,0:00.00,httpd,1415,daemon,20,0,591m,9128,1332,S,0.0,0.8,0:00.00,httpd,1521,postfix,20,0,81332,4168,3032,S,0.0,0.3,0:00.01,local,1519,postfix,20,0,81176,3608,2684,S,0.0,0.3,0:00.04,cleanup,1376,postfix,20,0,81100,3580,2656,S,0.0,0.3,0:00.00,qmgr,1375,postfix,20,0,81032,3488,2588,S,0.0,0.3,0:00.00,pickup,1369,root,20,0,80952,3472,2564,S,0.0,0.3,0:00.03,master
201905271010,0.00,0.00,0.00,1274,mysql,20,0,368m,25m,5048,S,0.0,2.1,0:01.19,mysqld,1382,root,20,0,255m,9140,3744,S,0.0,0.8,0:00.34,httpd,1416,daemon,20,0,591m,9132,1336,S,0.0,0.8,0:00.00,httpd,1417,daemon,20,0,591m,9132,1336,S,0.0,0.8,0:00.00,httpd,1415,daemon,20,0,591m,9128,1332,S,0.0,0.8,0:00.00,httpd,1521,postfix,20,0,81332,4168,3032,S,0.0,0.3,0:00.01,local,1519,postfix,20,0,81176,3608,2684,S,0.0,0.3,0:00.04,cleanup,1376,postfix,20,0,81100,3580,2656,S,0.0,0.3,0:00.00,qmgr,1375,postfix,20,0,81032,3488,2588,S,0.0,0.3,0:00.00,pickup,1369,root,20,0,80952,3472,2564,S,0.0,0.3,0:00.03,master
201905271011,0.00,0.00,0.00,1274,mysql,20,0,368m,25m,5048,S,0.0,2.1,0:01.22,mysqld,1382,root,20,0,255m,9140,3744,S,0.0,0.8,0:00.34,httpd,1416,daemon,20,0,591m,9132,1336,S,0.0,0.8,0:00.00,httpd,1417,daemon,20,0,591m,9132,1336,S,0.0,0.8,0:00.00,httpd,1415,daemon,20,0,591m,9128,1332,S,0.0,0.8,0:00.00,httpd,1521,postfix,20,0,81332,4168,3032,S,2.0,0.3,0:00.02,local,1519,postfix,20,0,81176,3608,2684,S,0.0,0.3,0:00.04,cleanup,1376,postfix,20,0,81100,3580,2656,S,0.0,0.3,0:00.00,qmgr,1375,postfix,20,0,81032,3488,2588,S,0.0,0.3,0:00.00,pickup,1369,root,20,0,80952,3472,2564,S,0.0,0.3,0:00.03,master
201905271012,0.00,0.00,0.00,1274,mysql,20,0,368m,25m,5048,S,0.0,2.1,0:01.24,mysqld,1382,root,20,0,255m,9140,3744,S,0.0,0.8,0:00.35,httpd,1416,daemon,20,0,591m,9132,1336,S,0.0,0.8,0:00.00,httpd,1417,daemon,20,0,591m,9132,1336,S,0.0,0.8,0:00.00,httpd,1415,daemon,20,0,591m,9128,1332,S,0.0,0.8,0:00.00,httpd,1521,postfix,20,0,81332,4168,3032,S,0.0,0.3,0:00.02,local,1519,postfix,20,0,81176,3608,2684,S,0.0,0.3,0:00.04,cleanup,1376,postfix,20,0,81100,3580,2656,S,0.0,0.3,0:00.00,qmgr,1375,postfix,20,0,81032,3488,2588,S,0.0,0.3,0:00.00,pickup,1369,root,20,0,80952,3472,2564,S,0.0,0.3,0:00.03,master
201905271013,0.00,0.00,0.00,1274,mysql,20,0,368m,25m,5048,S,0.0,2.1,0:01.27,mysqld,1382,root,20,0,255m,9140,3744,S,0.0,0.8,0:00.36,httpd,1416,daemon,20,0,591m,9132,1336,S,0.0,0.8,0:00.00,httpd,1417,daemon,20,0,591m,9132,1336,S,0.0,0.8,0:00.00,httpd,1415,daemon,20,0,591m,9128,1332,S,0.0,0.8,0:00.00,httpd,1521,postfix,20,0,81332,4168,3032,S,0.0,0.3,0:00.02,local,1519,postfix,20,0,81176,3608,2684,S,0.0,0.3,0:00.04,cleanup,1376,postfix,20,0,81100,3580,2656,S,0.0,0.3,0:00.00,qmgr,1375,postfix,20,0,81032,3488,2588,S,0.0,0.3,0:00.00,pickup,1369,root,20,0,80952,3472,2564,S,0.0,0.3,0:00.03,master
201905271014,0.00,0.00,0.00,1274,mysql,20,0,368m,25m,5048,S,0.0,2.1,0:01.41,mysqld,1382,root,20,0,255m,9140,3744,S,0.0,0.8,0:00.36,httpd,1416,daemon,20,0,591m,9132,1336,S,0.0,0.8,0:00.00,httpd,1417,daemon,20,0,591m,9132,1336,S,0.0,0.8,0:00.00,httpd,1415,daemon,20,0,591m,9128,1332,S,0.0,0.8,0:00.00,httpd,1521,postfix,20,0,81332,4168,3032,S,0.0,0.3,0:00.02,local,1519,postfix,20,0,81176,3608,2684,S,0.0,0.3,0:00.04,cleanup,1376,postfix,20,0,81100,3580,2656,S,0.0,0.3,0:00.00,qmgr,1375,postfix,20,0,81032,3488,2588,S,0.0,0.3,0:00.00,pickup,1369,root,20,0,80952,3472,2564,S,0.0,0.3,0:00.03,master
201905271015,0.00,0.00,0.00,1274,mysql,20,0,368m,25m,5048,S,0.0,2.1,0:01.44,mysqld,1382,root,20,0,255m,9140,3744,S,0.0,0.8,0:00.37,httpd,1416,daemon,20,0,591m,9132,1336,S,0.0,0.8,0:00.00,httpd,1417,daemon,20,0,591m,9132,1336,S,0.0,0.8,0:00.00,httpd,1415,daemon,20,0,591m,9128,1332,S,0.0,0.8,0:00.00,httpd,1521,postfix,20,0,81332,4168,3032,S,0.0,0.3,0:00.02,local,1519,postfix,20,0,81176,3608,2684,S,0.0,0.3,0:00.04,cleanup,1376,postfix,20,0,81100,3580,2656,S,0.0,0.3,0:00.00,qmgr,1375,postfix,20,0,81032,3488,2588,S,0.0,0.3,0:00.00,pickup,1369,root,20,0,80952,3472,2564,S,0.0,0.3,0:00.03,master
201905271016,0.00,0.00,0.00,1274,mysql,20,0,368m,25m,5048,S,0.0,2.1,0:01.47,mysqld,1382,root,20,0,255m,9140,3744,S,0.0,0.8,0:00.37,httpd,1416,daemon,20,0,591m,9132,1336,S,0.0,0.8,0:00.00,httpd,1417,daemon,20,0,591m,9132,1336,S,0.0,0.8,0:00.00,httpd,1415,daemon,20,0,591m,9128,1332,S,0.0,0.8,0:00.00,httpd,1521,postfix,20,0,81332,4168,3032,S,0.0,0.3,0:00.02,local,1519,postfix,20,0,81176,3608,2684,S,0.0,0.3,0:00.04,cleanup,1376,postfix,20,0,81100,3580,2656,S,2.0,0.3,0:00.01,qmgr,1375,postfix,20,0,81032,3488,2588,S,0.0,0.3,0:00.00,pickup,1369,root,20,0,80952,3472,2564,S,0.0,0.3,0:00.03,master
201905271017,0.00,0.00,0.00,1274,mysql,20,0,368m,25m,5048,S,0.0,2.1,0:01.50,mysqld,1382,root,20,0,255m,9140,3744,S,0.0,0.8,0:00.37,httpd,1416,daemon,20,0,591m,9132,1336,S,0.0,0.8,0:00.00,httpd,1417,daemon,20,0,591m,9132,1336,S,0.0,0.8,0:00.00,httpd,1415,daemon,20,0,591m,9128,1332,S,0.0,0.8,0:00.00,httpd,1521,postfix,20,0,81332,4168,3032,S,0.0,0.3,0:00.02,local,1519,postfix,20,0,81176,3608,2684,S,0.0,0.3,0:00.04,cleanup,1376,postfix,20,0,81100,3580,2656,S,0.0,0.3,0:00.01,qmgr,1375,postfix,20,0,81032,3488,2588,S,0.0,0.3,0:00.00,pickup,1369,root,20,0,80952,3472,2564,S,0.0,0.3,0:00.03,master
201905271018,0.00,0.00,0.00,1274,mysql,20,0,368m,25m,5048,S,0.0,2.1,0:01.51,mysqld,1382,root,20,0,255m,9140,3744,S,0.0,0.8,0:00.38,httpd,1416,daemon,20,0,591m,9132,1336,S,0.0,0.8,0:00.00,httpd,1417,daemon,20,0,591m,9132,1336,S,0.0,0.8,0:00.00,httpd,1415,daemon,20,0,591m,9128,1332,S,0.0,0.8,0:00.00,httpd,1521,postfix,20,0,81332,4168,3032,S,0.0,0.3,0:00.02,local,1519,postfix,20,0,81176,3608,2684,S,0.0,0.3,0:00.04,cleanup,1376,postfix,20,0,81100,3580,2656,S,0.0,0.3,0:00.01,qmgr,1375,postfix,20,0,81032,3488,2588,S,0.0,0.3,0:00.00,pickup,1369,root,20,0,80952,3472,2564,S,0.0,0.3,0:00.03,master
201905271019,0.00,0.00,0.00,1274,mysql,20,0,368m,25m,5048,S,0.0,2.1,0:01.55,mysqld,1382,root,20,0,255m,9140,3744,S,0.0,0.8,0:00.38,httpd,1416,daemon,20,0,591m,9132,1336,S,0.0,0.8,0:00.00,httpd,1417,daemon,20,0,591m,9132,1336,S,0.0,0.8,0:00.00,httpd,1415,daemon,20,0,591m,9128,1332,S,0.0,0.8,0:00.00,httpd,1521,postfix,20,0,81332,4168,3032,S,0.0,0.3,0:00.02,local,1519,postfix,20,0,81176,3608,2684,S,0.0,0.3,0:00.04,cleanup,1376,postfix,20,0,81100,3580,2656,S,0.0,0.3,0:00.01,qmgr,1375,postfix,20,0,81032,3488,2588,S,0.0,0.3,0:00.00,pickup,1369,root,20,0,80952,3472,2564,S,0.0,0.3,0:00.03,master
201905271020,0.00,0.00,0.00,1274,mysql,20,0,368m,25m,5048,S,0.0,2.1,0:01.57,mysqld,1382,root,20,0,255m,9140,3744,S,0.0,0.8,0:00.40,httpd,1416,daemon,20,0,591m,9132,1336,S,0.0,0.8,0:00.00,httpd,1417,daemon,20,0,591m,9132,1336,S,0.0,0.8,0:00.00,httpd,1415,daemon,20,0,591m,9128,1332,S,0.0,0.8,0:00.00,httpd,1521,postfix,20,0,81332,4168,3032,S,0.0,0.3,0:00.02,local,1519,postfix,20,0,81176,3608,2684,S,0.0,0.3,0:00.04,cleanup,1376,postfix,20,0,81100,3580,2656,S,0.0,0.3,0:00.01,qmgr,1369,root,20,0,80952,3472,2564,S,0.0,0.3,0:00.03,master,5049,postfix,20,0,81040,3444,2556,S,0.0,0.3,0:00.00,trivial-rewrite
201905271021,0.00,0.00,0.00,1274,mysql,20,0,368m,25m,5048,S,0.0,2.1,0:01.60,mysqld,1382,root,20,0,255m,9140,3744,S,0.0,0.8,0:00.41,httpd,1416,daemon,20,0,591m,9132,1336,S,0.0,0.8,0:00.00,httpd,1417,daemon,20,0,591m,9132,1336,S,0.0,0.8,0:00.00,httpd,1415,daemon,20,0,591m,9128,1332,S,0.0,0.8,0:00.00,httpd,1521,postfix,20,0,81332,4168,3032,S,0.0,0.3,0:00.02,local,1519,postfix,20,0,81176,3608,2684,S,0.0,0.3,0:00.04,cleanup,1376,postfix,20,0,81100,3580,2656,S,0.0,0.3,0:00.01,qmgr,5107,postfix,20,0,81032,3480,2584,S,0.0,0.3,0:00.00,pickup,1369,root,20,0,80952,3472,2564,S,0.0,0.3,0:00.03,master
201905271022,0.00,0.00,0.00,1274,mysql,20,0,368m,25m,5048,S,0.0,2.1,0:01.63,mysqld,1382,root,20,0,255m,9140,3744,S,0.0,0.8,0:00.41,httpd,1416,daemon,20,0,591m,9132,1336,S,0.0,0.8,0:00.00,httpd,1417,daemon,20,0,591m,9132,1336,S,0.0,0.8,0:00.00,httpd,1415,daemon,20,0,591m,9128,1332,S,0.0,0.8,0:00.00,httpd,1521,postfix,20,0,81332,4168,3032,S,0.0,0.3,0:00.02,local,1519,postfix,20,0,81176,3608,2684,S,0.0,0.3,0:00.04,cleanup,1376,postfix,20,0,81100,3580,2656,S,0.0,0.3,0:00.01,qmgr,5107,postfix,20,0,81032,3484,2584,S,0.0,0.3,0:00.00,pickup,1369,root,20,0,80952,3472,2564,S,0.0,0.3,0:00.03,master
201905271023,0.00,0.00,0.00,1274,mysql,20,0,368m,25m,5048,S,0.0,2.1,0:01.66,mysqld,1382,root,20,0,255m,9140,3744,S,0.0,0.8,0:00.42,httpd,1416,daemon,20,0,591m,9132,1336,S,0.0,0.8,0:00.00,httpd,1417,daemon,20,0,591m,9132,1336,S,0.0,0.8,0:00.00,httpd,1415,daemon,20,0,591m,9128,1332,S,0.0,0.8,0:00.00,httpd,1521,postfix,20,0,81332,4168,3032,S,0.0,0.3,0:00.02,local,1519,postfix,20,0,81176,3608,2684,S,0.0,0.3,0:00.04,cleanup,1376,postfix,20,0,81100,3580,2656,S,0.0,0.3,0:00.01,qmgr,5107,postfix,20,0,81032,3484,2584,S,0.0,0.3,0:00.00,pickup,1369,root,20,0,80952,3472,2564,S,0.0,0.3,0:00.04,master
201905271024,0.00,0.00,0.00,1274,mysql,20,0,368m,25m,5048,S,0.0,2.1,0:01.68,mysqld,1382,root,20,0,255m,9140,3744,S,0.0,0.8,0:00.42,httpd,1416,daemon,20,0,591m,9132,1336,S,0.0,0.8,0:00.00,httpd,1417,daemon,20,0,591m,9132,1336,S,0.0,0.8,0:00.00,httpd,1415,daemon,20,0,591m,9128,1332,S,0.0,0.8,0:00.00,httpd,1521,postfix,20,0,81332,4168,3032,S,0.0,0.3,0:00.02,local,1519,postfix,20,0,81176,3608,2684,S,0.0,0.3,0:00.04,cleanup,1376,postfix,20,0,81100,3580,2656,S,0.0,0.3,0:00.01,qmgr,5107,postfix,20,0,81032,3484,2584,S,0.0,0.3,0:00.00,pickup,1369,root,20,0,80952,3472,2564,S,0.0,0.3,0:00.04,master
201905271025,0.00,0.00,0.00,1274,mysql,20,0,368m,25m,5048,S,0.0,2.1,0:01.71,mysqld,1382,root,20,0,255m,9140,3744,S,0.0,0.8,0:00.43,httpd,1416,daemon,20,0,591m,9132,1336,S,0.0,0.8,0:00.00,httpd,1417,daemon,20,0,591m,9132,1336,S,0.0,0.8,0:00.00,httpd,1415,daemon,20,0,591m,9128,1332,S,0.0,0.8,0:00.00,httpd,1521,postfix,20,0,81332,4168,3032,S,0.0,0.3,0:00.02,local,1519,postfix,20,0,81176,3608,2684,S,0.0,0.3,0:00.04,cleanup,1376,postfix,20,0,81100,3580,2656,S,0.0,0.3,0:00.01,qmgr,5107,postfix,20,0,81032,3484,2584,S,0.0,0.3,0:00.00,pickup,1369,root,20,0,80952,3472,2564,S,0.0,0.3,0:00.04,master
201905271026,0.00,0.00,0.00,1274,mysql,20,0,368m,25m,5048,S,0.0,2.1,0:01.73,mysqld,1382,root,20,0,255m,9140,3744,S,0.0,0.8,0:00.43,httpd,1416,daemon,20,0,591m,9132,1336,S,0.0,0.8,0:00.00,httpd,1417,daemon,20,0,591m,9132,1336,S,0.0,0.8,0:00.00,httpd,1415,daemon,20,0,591m,9128,1332,S,0.0,0.8,0:00.00,httpd,1521,postfix,20,0,81332,4168,3032,S,0.0,0.3,0:00.02,local,1519,postfix,20,0,81176,3608,2684,S,0.0,0.3,0:00.04,cleanup,1376,postfix,20,0,81100,3580,2656,S,0.0,0.3,0:00.01,qmgr,5107,postfix,20,0,81032,3484,2584,S,0.0,0.3,0:00.00,pickup,1369,root,20,0,80952,3472,2564,S,0.0,0.3,0:00.05,master
201905271027,0.00,0.00,0.00,1274,mysql,20,0,368m,25m,5048,S,0.0,2.1,0:01.76,mysqld,1382,root,20,0,255m,9140,3744,S,0.0,0.8,0:00.43,httpd,1416,daemon,20,0,591m,9132,1336,S,0.0,0.8,0:00.00,httpd,1417,daemon,20,0,591m,9132,1336,S,0.0,0.8,0:00.00,httpd,1415,daemon,20,0,591m,9128,1332,S,0.0,0.8,0:00.00,httpd,1521,postfix,20,0,81332,4168,3032,S,0.0,0.3,0:00.02,local,1519,postfix,20,0,81176,3608,2684,S,0.0,0.3,0:00.04,cleanup,1376,postfix,20,0,81100,3580,2656,S,0.0,0.3,0:00.01,qmgr,5107,postfix,20,0,81032,3484,2584,S,0.0,0.3,0:00.00,pickup,1369,root,20,0,80952,3472,2564,S,0.0,0.3,0:00.05,master
201905271028,0.00,0.00,0.00,1274,mysql,20,0,368m,25m,5048,S,0.0,2.1,0:01.79,mysqld,1382,root,20,0,255m,9140,3744,S,0.0,0.8,0:00.44,httpd,1416,daemon,20,0,591m,9132,1336,S,0.0,0.8,0:00.00,httpd,1417,daemon,20,0,591m,9132,1336,S,0.0,0.8,0:00.00,httpd,1415,daemon,20,0,591m,9128,1332,S,0.0,0.8,0:00.00,httpd,1521,postfix,20,0,81332,4168,3032,S,0.0,0.3,0:00.02,local,1519,postfix,20,0,81176,3608,2684,S,0.0,0.3,0:00.04,cleanup,1376,postfix,20,0,81100,3580,2656,S,0.0,0.3,0:00.01,qmgr,5107,postfix,20,0,81032,3484,2584,S,0.0,0.3,0:00.00,pickup,1369,root,20,0,80952,3472,2564,S,0.0,0.3,0:00.05,master
201905271029,0.00,0.00,0.00,1274,mysql,20,0,368m,25m,5048,S,0.0,2.1,0:01.81,mysqld,1382,root,20,0,255m,9140,3744,S,0.0,0.8,0:00.44,httpd,1416,daemon,20,0,591m,9132,1336,S,0.0,0.8,0:00.00,httpd,1417,daemon,20,0,591m,9132,1336,S,0.0,0.8,0:00.00,httpd,1415,daemon,20,0,591m,9128,1332,S,0.0,0.8,0:00.00,httpd,1521,postfix,20,0,81332,4168,3032,S,0.0,0.3,0:00.02,local,1519,postfix,20,0,81176,3608,2684,S,0.0,0.3,0:00.04,cleanup,1376,postfix,20,0,81100,3580,2656,S,0.0,0.3,0:00.01,qmgr,5107,postfix,20,0,81032,3484,2584,S,0.0,0.3,0:00.00,pickup,1369,root,20,0,80952,3472,2564,S,0.0,0.3,0:00.05,master
201905271030,0.00,0.00,0.00,1274,mysql,20,0,368m,25m,5048,S,0.0,2.1,0:01.84,mysqld,1382,root,20,0,255m,9140,3744,S,0.0,0.8,0:00.45,httpd,1416,daemon,20,0,591m,9132,1336,S,0.0,0.8,0:00.00,httpd,1417,daemon,20,0,591m,9132,1336,S,0.0,0.8,0:00.00,httpd,1415,daemon,20,0,591m,9128,1332,S,0.0,0.8,0:00.00,httpd,1521,postfix,20,0,81332,4168,3032,S,0.0,0.3,0:00.02,local,1519,postfix,20,0,81176,3608,2684,S,0.0,0.3,0:00.04,cleanup,1376,postfix,20,0,81100,3580,2656,S,0.0,0.3,0:00.01,qmgr,5107,postfix,20,0,81032,3484,2584,S,0.0,0.3,0:00.00,pickup,1369,root,20,0,80952,3472,2564,S,0.0,0.3,0:00.05,master
201905271031,0.00,0.00,0.00,1274,mysql,20,0,368m,25m,5048,S,0.0,2.1,0:01.86,mysqld,1382,root,20,0,255m,9140,3744,S,0.0,0.8,0:00.45,httpd,1416,daemon,20,0,591m,9132,1336,S,0.0,0.8,0:00.00,httpd,1417,daemon,20,0,591m,9132,1336,S,0.0,0.8,0:00.00,httpd,1415,daemon,20,0,591m,9128,1332,S,0.0,0.8,0:00.00,httpd,1521,postfix,20,0,81332,4168,3032,S,0.0,0.3,0:00.02,local,1519,postfix,20,0,81176,3608,2684,S,0.0,0.3,0:00.04,cleanup,1376,postfix,20,0,81100,3580,2656,S,0.0,0.3,0:00.02,qmgr,5107,postfix,20,0,81032,3484,2584,S,0.0,0.3,0:00.00,pickup,1369,root,20,0,80952,3472,2564,S,0.0,0.3,0:00.05,master
201905271032,0.00,0.00,0.00,1274,mysql,20,0,368m,25m,5048,S,0.0,2.1,0:01.89,mysqld,1382,root,20,0,255m,9140,3744,S,0.0,0.8,0:00.46,httpd,1416,daemon,20,0,591m,9132,1336,S,0.0,0.8,0:00.00,httpd,1417,daemon,20,0,591m,9132,1336,S,0.0,0.8,0:00.00,httpd,1415,daemon,20,0,591m,9128,1332,S,0.0,0.8,0:00.00,httpd,1521,postfix,20,0,81332,4168,3032,S,0.0,0.3,0:00.02,local,1519,postfix,20,0,81176,3608,2684,S,0.0,0.3,0:00.04,cleanup,1376,postfix,20,0,81100,3580,2656,S,0.0,0.3,0:00.02,qmgr,5107,postfix,20,0,81032,3484,2584,S,0.0,0.3,0:00.00,pickup,1369,root,20,0,80952,3472,2564,S,0.0,0.3,0:00.05,master
201905271033,0.00,0.00,0.00,1274,mysql,20,0,368m,25m,5048,S,0.0,2.1,0:01.92,mysqld,1382,root,20,0,255m,9140,3744,S,0.0,0.8,0:00.47,httpd,1416,daemon,20,0,591m,9132,1336,S,0.0,0.8,0:00.00,httpd,1417,daemon,20,0,591m,9132,1336,S,0.0,0.8,0:00.00,httpd,1415,daemon,20,0,591m,9128,1332,S,0.0,0.8,0:00.00,httpd,1521,postfix,20,0,81332,4168,3032,S,0.0,0.3,0:00.02,local,1519,postfix,20,0,81176,3608,2684,S,2.0,0.3,0:00.05,cleanup,1376,postfix,20,0,81100,3580,2656,S,0.0,0.3,0:00.02,qmgr,5107,postfix,20,0,81032,3484,2584,S,0.0,0.3,0:00.00,pickup,1369,root,20,0,80952,3472,2564,S,0.0,0.3,0:00.05,master
201905271034,0.00,0.00,0.00,1274,mysql,20,0,368m,25m,5048,S,0.0,2.1,0:01.95,mysqld,1382,root,20,0,255m,9140,3744,S,0.0,0.8,0:00.47,httpd,1416,daemon,20,0,591m,9132,1336,S,0.0,0.8,0:00.00,httpd,1417,daemon,20,0,591m,9132,1336,S,0.0,0.8,0:00.00,httpd,1415,daemon,20,0,591m,9128,1332,S,0.0,0.8,0:00.00,httpd,1521,postfix,20,0,81332,4168,3032,S,0.0,0.3,0:00.02,local,1519,postfix,20,0,81176,3608,2684,S,0.0,0.3,0:00.05,cleanup,1376,postfix,20,0,81100,3580,2656,S,0.0,0.3,0:00.02,qmgr,5107,postfix,20,0,81032,3484,2584,S,0.0,0.3,0:00.00,pickup,1369,root,20,0,80952,3472,2564,S,0.0,0.3,0:00.05,master
201905271035,0.00,0.00,0.00,1274,mysql,20,0,368m,25m,5048,S,0.0,2.1,0:01.98,mysqld,1382,root,20,0,255m,9140,3744,S,0.0,0.8,0:00.48,httpd,1416,daemon,20,0,591m,9132,1336,S,0.0,0.8,0:00.00,httpd,1417,daemon,20,0,591m,9132,1336,S,0.0,0.8,0:00.00,httpd,1415,daemon,20,0,591m,9128,1332,S,0.0,0.8,0:00.00,httpd,1521,postfix,20,0,81332,4168,3032,S,0.0,0.3,0:00.02,local,1519,postfix,20,0,81176,3608,2684,S,0.0,0.3,0:00.05,cleanup,1376,postfix,20,0,81100,3580,2656,S,0.0,0.3,0:00.02,qmgr,5107,postfix,20,0,81032,3484,2584,S,0.0,0.3,0:00.00,pickup,1369,root,20,0,80952,3472,2564,S,0.0,0.3,0:00.05,master
201905271036,0.00,0.00,0.00,1274,mysql,20,0,368m,25m,5048,S,0.0,2.1,0:02.00,mysqld,1382,root,20,0,255m,9140,3744,S,0.0,0.8,0:00.48,httpd,1416,daemon,20,0,591m,9132,1336,S,0.0,0.8,0:00.00,httpd,1417,daemon,20,0,591m,9132,1336,S,0.0,0.8,0:00.00,httpd,1415,daemon,20,0,591m,9128,1332,S,0.0,0.8,0:00.00,httpd,1521,postfix,20,0,81332,4168,3032,S,0.0,0.3,0:00.02,local,1519,postfix,20,0,81176,3608,2684,S,0.0,0.3,0:00.05,cleanup,1376,postfix,20,0,81100,3580,2656,S,0.0,0.3,0:00.02,qmgr,5107,postfix,20,0,81032,3484,2584,S,0.0,0.3,0:00.00,pickup,1369,root,20,0,80952,3472,2564,S,0.0,0.3,0:00.05,master
201905271037,0.00,0.00,0.00,1274,mysql,20,0,368m,25m,5048,S,0.0,2.1,0:02.02,mysqld,1382,root,20,0,255m,9140,3744,S,0.0,0.8,0:00.49,httpd,1416,daemon,20,0,591m,9132,1336,S,0.0,0.8,0:00.00,httpd,1417,daemon,20,0,591m,9132,1336,S,0.0,0.8,0:00.00,httpd,1415,daemon,20,0,591m,9128,1332,S,0.0,0.8,0:00.00,httpd,1521,postfix,20,0,81332,4168,3032,S,0.0,0.3,0:00.02,local,1519,postfix,20,0,81176,3608,2684,S,0.0,0.3,0:00.05,cleanup,1376,postfix,20,0,81100,3580,2656,S,0.0,0.3,0:00.02,qmgr,5107,postfix,20,0,81032,3484,2584,S,0.0,0.3,0:00.00,pickup,1369,root,20,0,80952,3472,2564,S,0.0,0.3,0:00.05,master
201905271038,0.00,0.00,0.00,1274,mysql,20,0,368m,25m,5048,S,0.0,2.1,0:02.05,mysqld,1382,root,20,0,255m,9140,3744,S,0.0,0.8,0:00.49,httpd,1416,daemon,20,0,591m,9132,1336,S,0.0,0.8,0:00.00,httpd,1417,daemon,20,0,591m,9132,1336,S,0.0,0.8,0:00.00,httpd,1415,daemon,20,0,591m,9128,1332,S,0.0,0.8,0:00.00,httpd,1521,postfix,20,0,81332,4168,3032,S,0.0,0.3,0:00.02,local,1519,postfix,20,0,81176,3608,2684,S,0.0,0.3,0:00.05,cleanup,1376,postfix,20,0,81100,3580,2656,S,0.0,0.3,0:00.02,qmgr,5107,postfix,20,0,81032,3484,2584,S,0.0,0.3,0:00.00,pickup,1369,root,20,0,80952,3472,2564,S,0.0,0.3,0:00.05,master
201905271039,0.00,0.00,0.00,1274,mysql,20,0,368m,25m,5048,S,0.0,2.1,0:02.08,mysqld,1382,root,20,0,255m,9140,3744,S,0.0,0.8,0:00.50,httpd,1416,daemon,20,0,591m,9132,1336,S,0.0,0.8,0:00.00,httpd,1417,daemon,20,0,591m,9132,1336,S,0.0,0.8,0:00.00,httpd,1415,daemon,20,0,591m,9128,1332,S,0.0,0.8,0:00.00,httpd,1521,postfix,20,0,81332,4168,3032,S,0.0,0.3,0:00.02,local,1519,postfix,20,0,81176,3608,2684,S,0.0,0.3,0:00.05,cleanup,1376,postfix,20,0,81100,3580,2656,S,0.0,0.3,0:00.02,qmgr,5107,postfix,20,0,81032,3484,2584,S,0.0,0.3,0:00.00,pickup,1369,root,20,0,80952,3472,2564,S,0.0,0.3,0:00.05,master
201905271040,0.00,0.00,0.00,1274,mysql,20,0,368m,25m,5048,S,0.0,2.1,0:02.11,mysqld,1382,root,20,0,255m,9140,3744,S,0.0,0.8,0:00.50,httpd,1416,daemon,20,0,591m,9132,1336,S,0.0,0.8,0:00.00,httpd,1417,daemon,20,0,591m,9132,1336,S,0.0,0.8,0:00.00,httpd,1415,daemon,20,0,591m,9128,1332,S,0.0,0.8,0:00.00,httpd,1521,postfix,20,0,81332,4168,3032,S,0.0,0.3,0:00.02,local,1519,postfix,20,0,81176,3608,2684,S,0.0,0.3,0:00.05,cleanup,1376,postfix,20,0,81100,3580,2656,S,0.0,0.3,0:00.02,qmgr,5107,postfix,20,0,81032,3484,2584,S,0.0,0.3,0:00.00,pickup,1369,root,20,0,80952,3472,2564,S,0.0,0.3,0:00.05,master
201905271041,0.00,0.00,0.00,1274,mysql,20,0,368m,25m,5048,S,0.0,2.1,0:02.13,mysqld,1382,root,20,0,255m,9140,3744,S,0.0,0.8,0:00.51,httpd,1416,daemon,20,0,591m,9132,1336,S,0.0,0.8,0:00.00,httpd,1417,daemon,20,0,591m,9132,1336,S,0.0,0.8,0:00.00,httpd,1415,daemon,20,0,591m,9128,1332,S,0.0,0.8,0:00.00,httpd,1521,postfix,20,0,81332,4168,3032,S,0.0,0.3,0:00.02,local,1519,postfix,20,0,81176,3608,2684,S,0.0,0.3,0:00.05,cleanup,1376,postfix,20,0,81100,3580,2656,S,0.0,0.3,0:00.02,qmgr,5107,postfix,20,0,81032,3484,2584,S,0.0,0.3,0:00.00,pickup,1369,root,20,0,80952,3472,2564,S,0.0,0.3,0:00.05,master
201905271042,0.00,0.00,0.00,1274,mysql,20,0,368m,25m,5048,S,0.0,2.1,0:02.16,mysqld,1382,root,20,0,255m,9140,3744,S,0.0,0.8,0:00.52,httpd,1416,daemon,20,0,591m,9132,1336,S,0.0,0.8,0:00.00,httpd,1417,daemon,20,0,591m,9132,1336,S,0.0,0.8,0:00.00,httpd,1415,daemon,20,0,591m,9128,1332,S,0.0,0.8,0:00.00,httpd,1521,postfix,20,0,81332,4168,3032,S,0.0,0.3,0:00.02,local,1519,postfix,20,0,81176,3608,2684,S,0.0,0.3,0:00.05,cleanup,1376,postfix,20,0,81100,3580,2656,S,0.0,0.3,0:00.02,qmgr,5107,postfix,20,0,81032,3484,2584,S,0.0,0.3,0:00.00,pickup,1369,root,20,0,80952,3472,2564,S,0.0,0.3,0:00.05,master
201905271043,0.00,0.00,0.00,1274,mysql,20,0,368m,25m,5048,S,0.0,2.1,0:02.19,mysqld,1382,root,20,0,255m,9140,3744,S,0.0,0.8,0:00.54,httpd,1416,daemon,20,0,591m,9132,1336,S,0.0,0.8,0:00.00,httpd,1417,daemon,20,0,591m,9132,1336,S,0.0,0.8,0:00.00,httpd,1415,daemon,20,0,591m,9128,1332,S,0.0,0.8,0:00.00,httpd,1521,postfix,20,0,81332,4168,3032,S,0.0,0.3,0:00.02,local,1519,postfix,20,0,81176,3608,2684,S,0.0,0.3,0:00.05,cleanup,1376,postfix,20,0,81100,3580,2656,S,0.0,0.3,0:00.02,qmgr,5107,postfix,20,0,81032,3484,2584,S,0.0,0.3,0:00.00,pickup,1369,root,20,0,80952,3472,2564,S,0.0,0.3,0:00.06,master
201905271044,0.00,0.00,0.00,1274,mysql,20,0,368m,25m,5048,S,0.0,2.1,0:02.67,mysqld,1382,root,20,0,255m,9140,3744,S,0.0,0.8,0:00.56,httpd,1416,daemon,20,0,591m,9132,1336,S,0.0,0.8,0:00.00,httpd,1417,daemon,20,0,591m,9132,1336,S,0.0,0.8,0:00.00,httpd,1415,daemon,20,0,591m,9128,1332,S,0.0,0.8,0:00.00,httpd,1521,postfix,20,0,81332,4168,3032,S,0.0,0.3,0:00.02,local,1519,postfix,20,0,81176,3608,2684,S,0.0,0.3,0:00.05,cleanup,1376,postfix,20,0,81100,3580,2656,S,0.0,0.3,0:00.02,qmgr,5107,postfix,20,0,81032,3484,2584,S,0.0,0.3,0:00.00,pickup,1369,root,20,0,80952,3472,2564,S,0.0,0.3,0:00.06,master
201905271045,0.00,0.00,0.00,1274,mysql,20,0,368m,25m,5048,S,0.0,2.1,0:02.69,mysqld,1382,root,20,0,255m,9140,3744,S,0.0,0.8,0:00.56,httpd,1416,daemon,20,0,591m,9132,1336,S,0.0,0.8,0:00.00,httpd,1417,daemon,20,0,591m,9132,1336,S,0.0,0.8,0:00.00,httpd,1415,daemon,20,0,591m,9128,1332,S,0.0,0.8,0:00.00,httpd,1521,postfix,20,0,81332,4168,3032,S,0.0,0.3,0:00.02,local,1519,postfix,20,0,81176,3608,2684,S,0.0,0.3,0:00.05,cleanup,1376,postfix,20,0,81100,3580,2656,S,0.0,0.3,0:00.02,qmgr,5107,postfix,20,0,81032,3484,2584,S,0.0,0.3,0:00.00,pickup,1369,root,20,0,80952,3472,2564,S,0.0,0.3,0:00.06,master
201905271046,0.00,0.00,0.00,1274,mysql,20,0,368m,25m,5048,S,0.0,2.1,0:02.71,mysqld,1382,root,20,0,255m,9140,3744,S,0.0,0.8,0:00.57,httpd,1416,daemon,20,0,591m,9132,1336,S,0.0,0.8,0:00.00,httpd,1417,daemon,20,0,591m,9132,1336,S,0.0,0.8,0:00.00,httpd,1415,daemon,20,0,591m,9128,1332,S,0.0,0.8,0:00.00,httpd,1521,postfix,20,0,81332,4168,3032,S,0.0,0.3,0:00.02,local,1519,postfix,20,0,81176,3608,2684,S,0.0,0.3,0:00.05,cleanup,1376,postfix,20,0,81100,3580,2656,S,0.0,0.3,0:00.02,qmgr,5107,postfix,20,0,81032,3484,2584,S,0.0,0.3,0:00.00,pickup,1369,root,20,0,80952,3472,2564,S,0.0,0.3,0:00.06,master
201905271047,0.00,0.00,0.00,1274,mysql,20,0,368m,25m,5048,S,0.0,2.1,0:02.74,mysqld,1382,root,20,0,255m,9140,3744,S,0.0,0.8,0:00.57,httpd,1416,daemon,20,0,591m,9132,1336,S,0.0,0.8,0:00.00,httpd,1417,daemon,20,0,591m,9132,1336,S,0.0,0.8,0:00.00,httpd,1415,daemon,20,0,591m,9128,1332,S,0.0,0.8,0:00.00,httpd,1521,postfix,20,0,81332,4168,3032,S,0.0,0.3,0:00.02,local,1519,postfix,20,0,81176,3608,2684,S,0.0,0.3,0:00.05,cleanup,1376,postfix,20,0,81100,3580,2656,S,0.0,0.3,0:00.02,qmgr,5107,postfix,20,0,81032,3484,2584,S,0.0,0.3,0:00.00,pickup,1369,root,20,0,80952,3472,2564,S,0.0,0.3,0:00.06,master
201905271048,0.00,0.00,0.00,1274,mysql,20,0,368m,25m,5048,S,0.0,2.1,0:02.76,mysqld,1382,root,20,0,255m,9140,3744,S,0.0,0.8,0:00.58,httpd,1416,daemon,20,0,591m,9132,1336,S,0.0,0.8,0:00.00,httpd,1417,daemon,20,0,591m,9132,1336,S,0.0,0.8,0:00.00,httpd,1415,daemon,20,0,591m,9128,1332,S,0.0,0.8,0:00.00,httpd,1521,postfix,20,0,81332,4168,3032,S,0.0,0.3,0:00.02,local,1519,postfix,20,0,81176,3608,2684,S,0.0,0.3,0:00.05,cleanup,1376,postfix,20,0,81100,3580,2656,S,0.0,0.3,0:00.02,qmgr,5107,postfix,20,0,81032,3484,2584,S,0.0,0.3,0:00.00,pickup,1369,root,20,0,80952,3472,2564,S,0.0,0.3,0:00.06,master
201905271049,0.00,0.00,0.00,1274,mysql,20,0,368m,25m,5048,S,0.0,2.1,0:02.79,mysqld,1382,root,20,0,255m,9140,3744,S,0.0,0.8,0:00.58,httpd,1416,daemon,20,0,591m,9132,1336,S,0.0,0.8,0:00.00,httpd,1417,daemon,20,0,591m,9132,1336,S,0.0,0.8,0:00.00,httpd,1415,daemon,20,0,591m,9128,1332,S,0.0,0.8,0:00.00,httpd,1521,postfix,20,0,81332,4168,3032,S,0.0,0.3,0:00.02,local,1519,postfix,20,0,81176,3608,2684,S,0.0,0.3,0:00.05,cleanup,1376,postfix,20,0,81100,3580,2656,S,0.0,0.3,0:00.02,qmgr,5107,postfix,20,0,81032,3484,2584,S,0.0,0.3,0:00.00,pickup,1369,root,20,0,80952,3472,2564,S,0.0,0.3,0:00.06,master
201905271050,0.00,0.00,0.00,1274,mysql,20,0,368m,25m,5048,S,0.0,2.1,0:02.81,mysqld,1382,root,20,0,255m,9140,3744,S,0.0,0.8,0:00.59,httpd,1416,daemon,20,0,591m,9132,1336,S,0.0,0.8,0:00.00,httpd,1417,daemon,20,0,591m,9132,1336,S,0.0,0.8,0:00.00,httpd,1415,daemon,20,0,591m,9128,1332,S,0.0,0.8,0:00.00,httpd,1521,postfix,20,0,81332,4168,3032,S,0.0,0.3,0:00.02,local,1519,postfix,20,0,81176,3608,2684,S,0.0,0.3,0:00.06,cleanup,1376,postfix,20,0,81100,3580,2656,S,0.0,0.3,0:00.02,qmgr,5107,postfix,20,0,81032,3484,2584,S,0.0,0.3,0:00.00,pickup,1369,root,20,0,80952,3472,2564,S,0.0,0.3,0:00.06,master
201905271051,0.00,0.00,0.00,1274,mysql,20,0,368m,25m,5048,S,0.0,2.1,0:02.84,mysqld,1382,root,20,0,255m,9140,3744,S,0.0,0.8,0:00.59,httpd,1416,daemon,20,0,591m,9132,1336,S,0.0,0.8,0:00.00,httpd,1417,daemon,20,0,591m,9132,1336,S,0.0,0.8,0:00.00,httpd,1415,daemon,20,0,591m,9128,1332,S,0.0,0.8,0:00.00,httpd,1521,postfix,20,0,81332,4168,3032,S,0.0,0.3,0:00.02,local,1519,postfix,20,0,81176,3608,2684,S,0.0,0.3,0:00.06,cleanup,1376,postfix,20,0,81100,3580,2656,S,0.0,0.3,0:00.02,qmgr,5107,postfix,20,0,81032,3484,2584,S,0.0,0.3,0:00.00,pickup,1369,root,20,0,80952,3472,2564,S,0.0,0.3,0:00.06,master
201905271052,0.00,0.00,0.00,1274,mysql,20,0,368m,25m,5048,S,0.0,2.1,0:02.85,mysqld,1382,root,20,0,255m,9140,3744,S,0.0,0.8,0:00.61,httpd,1416,daemon,20,0,591m,9132,1336,S,0.0,0.8,0:00.00,httpd,1417,daemon,20,0,591m,9132,1336,S,0.0,0.8,0:00.00,httpd,1415,daemon,20,0,591m,9128,1332,S,0.0,0.8,0:00.00,httpd,1521,postfix,20,0,81332,4168,3032,S,2.0,0.3,0:00.03,local,1519,postfix,20,0,81176,3608,2684,S,0.0,0.3,0:00.06,cleanup,1376,postfix,20,0,81100,3580,2656,S,0.0,0.3,0:00.02,qmgr,5107,postfix,20,0,81032,3484,2584,S,0.0,0.3,0:00.00,pickup,1369,root,20,0,80952,3472,2564,S,0.0,0.3,0:00.06,master
201905271053,0.00,0.00,0.00,1274,mysql,20,0,368m,25m,5048,S,0.0,2.1,0:02.90,mysqld,1382,root,20,0,255m,9140,3744,S,0.0,0.8,0:00.61,httpd,1416,daemon,20,0,591m,9132,1336,S,0.0,0.8,0:00.00,httpd,1417,daemon,20,0,591m,9132,1336,S,0.0,0.8,0:00.00,httpd,1415,daemon,20,0,591m,9128,1332,S,0.0,0.8,0:00.00,httpd,1521,postfix,20,0,81332,4168,3032,S,0.0,0.3,0:00.03,local,1519,postfix,20,0,81176,3608,2684,S,0.0,0.3,0:00.06,cleanup,1376,postfix,20,0,81100,3580,2656,S,0.0,0.3,0:00.02,qmgr,5107,postfix,20,0,81032,3484,2584,S,0.0,0.3,0:00.00,pickup,1369,root,20,0,80952,3472,2564,S,0.0,0.3,0:00.06,master
201905271054,0.00,0.00,0.00,1274,mysql,20,0,368m,25m,5048,S,0.0,2.1,0:02.92,mysqld,1382,root,20,0,255m,9140,3744,S,0.0,0.8,0:00.62,httpd,1416,daemon,20,0,591m,9132,1336,S,0.0,0.8,0:00.00,httpd,1417,daemon,20,0,591m,9132,1336,S,0.0,0.8,0:00.00,httpd,1415,daemon,20,0,591m,9128,1332,S,0.0,0.8,0:00.00,httpd,1521,postfix,20,0,81332,4168,3032,S,0.0,0.3,0:00.03,local,1519,postfix,20,0,81176,3608,2684,S,0.0,0.3,0:00.06,cleanup,1376,postfix,20,0,81100,3580,2656,S,0.0,0.3,0:00.02,qmgr,5107,postfix,20,0,81032,3484,2584,S,0.0,0.3,0:00.00,pickup,1369,root,20,0,80952,3472,2564,S,0.0,0.3,0:00.06,master
201905271055,0.00,0.00,0.00,1274,mysql,20,0,368m,25m,5048,S,0.0,2.1,0:02.96,mysqld,1382,root,20,0,255m,9140,3744,S,0.0,0.8,0:00.63,httpd,1416,daemon,20,0,591m,9132,1336,S,0.0,0.8,0:00.00,httpd,1417,daemon,20,0,591m,9132,1336,S,0.0,0.8,0:00.00,httpd,1415,daemon,20,0,591m,9128,1332,S,0.0,0.8,0:00.00,httpd,1521,postfix,20,0,81332,4168,3032,S,0.0,0.3,0:00.03,local,1519,postfix,20,0,81176,3608,2684,S,0.0,0.3,0:00.06,cleanup,1376,postfix,20,0,81100,3580,2656,S,0.0,0.3,0:00.02,qmgr,5107,postfix,20,0,81032,3484,2584,S,0.0,0.3,0:00.00,pickup,1369,root,20,0,80952,3472,2564,S,0.0,0.3,0:00.06,master
201905271056,0.00,0.00,0.00,1274,mysql,20,0,368m,25m,5048,S,0.0,2.1,0:02.96,mysqld,1382,root,20,0,255m,9140,3744,S,0.0,0.8,0:00.63,httpd,1416,daemon,20,0,591m,9132,1336,S,0.0,0.8,0:00.00,httpd,1417,daemon,20,0,591m,9132,1336,S,0.0,0.8,0:00.00,httpd,1415,daemon,20,0,591m,9128,1332,S,0.0,0.8,0:00.00,httpd,1521,postfix,20,0,81332,4168,3032,S,0.0,0.3,0:00.03,local,1519,postfix,20,0,81176,3608,2684,S,0.0,0.3,0:00.06,cleanup,1376,postfix,20,0,81100,3580,2656,S,0.0,0.3,0:00.02,qmgr,5107,postfix,20,0,81032,3484,2584,S,0.0,0.3,0:00.00,pickup,1369,root,20,0,80952,3472,2564,S,0.0,0.3,0:00.06,master
201905271057,0.00,0.00,0.00,1274,mysql,20,0,368m,25m,5048,S,0.0,2.1,0:02.99,mysqld,1382,root,20,0,255m,9140,3744,S,0.0,0.8,0:00.64,httpd,1416,daemon,20,0,591m,9132,1336,S,0.0,0.8,0:00.00,httpd,1417,daemon,20,0,591m,9132,1336,S,0.0,0.8,0:00.00,httpd,1415,daemon,20,0,591m,9128,1332,S,0.0,0.8,0:00.00,httpd,1521,postfix,20,0,81332,4168,3032,S,0.0,0.3,0:00.03,local,1519,postfix,20,0,81176,3608,2684,S,0.0,0.3,0:00.06,cleanup,1376,postfix,20,0,81100,3580,2656,S,0.0,0.3,0:00.02,qmgr,5107,postfix,20,0,81032,3484,2584,S,0.0,0.3,0:00.00,pickup,1369,root,20,0,80952,3472,2564,S,0.0,0.3,0:00.06,master
201905271058,0.00,0.00,0.00,1274,mysql,20,0,368m,25m,5048,S,0.0,2.1,0:03.01,mysqld,1382,root,20,0,255m,9140,3744,S,0.0,0.8,0:00.64,httpd,1416,daemon,20,0,591m,9132,1336,S,0.0,0.8,0:00.00,httpd,1417,daemon,20,0,591m,9132,1336,S,0.0,0.8,0:00.00,httpd,1415,daemon,20,0,591m,9128,1332,S,0.0,0.8,0:00.00,httpd,1521,postfix,20,0,81332,4168,3032,S,0.0,0.3,0:00.03,local,1519,postfix,20,0,81176,3608,2684,S,0.0,0.3,0:00.06,cleanup,1376,postfix,20,0,81100,3580,2656,S,0.0,0.3,0:00.02,qmgr,5107,postfix,20,0,81032,3484,2584,S,0.0,0.3,0:00.00,pickup,1369,root,20,0,80952,3472,2564,S,0.0,0.3,0:00.06,master
201905271059,0.00,0.00,0.00,1274,mysql,20,0,368m,25m,5048,S,0.0,2.1,0:03.02,mysqld,1382,root,20,0,255m,9140,3744,S,0.0,0.8,0:00.64,httpd,1416,daemon,20,0,591m,9132,1336,S,0.0,0.8,0:00.00,httpd,1417,daemon,20,0,591m,9132,1336,S,0.0,0.8,0:00.00,httpd,1415,daemon,20,0,591m,9128,1332,S,0.0,0.8,0:00.00,httpd,1521,postfix,20,0,81332,4168,3032,S,0.0,0.3,0:00.03,local,1519,postfix,20,0,81176,3608,2684,S,0.0,0.3,0:00.06,cleanup,1376,postfix,20,0,81100,3580,2656,S,0.0,0.3,0:00.02,qmgr,5107,postfix,20,0,81032,3484,2584,S,0.0,0.3,0:00.00,pickup,1369,root,20,0,80952,3472,2564,S,0.0,0.3,0:00.06,master
201905271100,0.00,0.00,0.00,1274,mysql,20,0,368m,25m,5048,S,0.0,2.1,0:03.04,mysqld,1382,root,20,0,255m,9140,3744,S,0.0,0.8,0:00.65,httpd,1416,daemon,20,0,591m,9132,1336,S,0.0,0.8,0:00.00,httpd,1417,daemon,20,0,591m,9132,1336,S,0.0,0.8,0:00.00,httpd,1415,daemon,20,0,591m,9128,1332,S,0.0,0.8,0:00.00,httpd,1521,postfix,20,0,81332,4168,3032,S,0.0,0.3,0:00.03,local,1519,postfix,20,0,81176,3608,2684,S,0.0,0.3,0:00.06,cleanup,1376,postfix,20,0,81100,3580,2656,S,0.0,0.3,0:00.02,qmgr,5107,postfix,20,0,81032,3484,2584,S,0.0,0.3,0:00.00,pickup,1369,root,20,0,80952,3472,2564,S,0.0,0.3,0:00.06,master
201905271101,0.00,0.00,0.00,1274,mysql,20,0,368m,25m,5048,S,0.0,2.1,0:03.06,mysqld,1382,root,20,0,255m,9140,3744,S,0.0,0.8,0:00.65,httpd,1416,daemon,20,0,591m,9132,1336,S,0.0,0.8,0:00.00,httpd,1417,daemon,20,0,591m,9132,1336,S,0.0,0.8,0:00.00,httpd,1415,daemon,20,0,591m,9128,1332,S,0.0,0.8,0:00.00,httpd,1521,postfix,20,0,81332,4168,3032,S,0.0,0.3,0:00.03,local,1519,postfix,20,0,81176,3608,2684,S,0.0,0.3,0:00.06,cleanup,1376,postfix,20,0,81100,3580,2656,S,0.0,0.3,0:00.02,qmgr,5107,postfix,20,0,81032,3484,2584,S,0.0,0.3,0:00.00,pickup,1369,root,20,0,80952,3472,2564,S,0.0,0.3,0:00.06,master
201905271102,0.00,0.00,0.00,1274,mysql,20,0,368m,25m,5048,S,0.0,2.1,0:03.08,mysqld,1382,root,20,0,255m,9140,3744,S,0.0,0.8,0:00.66,httpd,1416,daemon,20,0,591m,9132,1336,S,0.0,0.8,0:00.00,httpd,1417,daemon,20,0,591m,9132,1336,S,0.0,0.8,0:00.00,httpd,1415,daemon,20,0,591m,9128,1332,S,0.0,0.8,0:00.00,httpd,1521,postfix,20,0,81332,4168,3032,S,0.0,0.3,0:00.03,local,1519,postfix,20,0,81176,3608,2684,S,0.0,0.3,0:00.06,cleanup,1376,postfix,20,0,81100,3580,2656,S,2.0,0.3,0:00.03,qmgr,5107,postfix,20,0,81032,3484,2584,S,0.0,0.3,0:00.00,pickup,1369,root,20,0,80952,3472,2564,S,0.0,0.3,0:00.06,master
201905271103,0.00,0.00,0.00,1274,mysql,20,0,368m,25m,5048,S,0.0,2.1,0:03.11,mysqld,1382,root,20,0,255m,9140,3744,S,0.0,0.8,0:00.66,httpd,1416,daemon,20,0,591m,9132,1336,S,0.0,0.8,0:00.00,httpd,1417,daemon,20,0,591m,9132,1336,S,0.0,0.8,0:00.00,httpd,1415,daemon,20,0,591m,9128,1332,S,0.0,0.8,0:00.00,httpd,1521,postfix,20,0,81332,4168,3032,S,0.0,0.3,0:00.03,local,1519,postfix,20,0,81176,3608,2684,S,0.0,0.3,0:00.06,cleanup,1376,postfix,20,0,81100,3580,2656,S,0.0,0.3,0:00.03,qmgr,5107,postfix,20,0,81032,3484,2584,S,0.0,0.3,0:00.00,pickup,1369,root,20,0,80952,3472,2564,S,0.0,0.3,0:00.06,master
201905271104,0.00,0.00,0.00,1274,mysql,20,0,368m,25m,5048,S,0.0,2.1,0:03.13,mysqld,1382,root,20,0,255m,9140,3744,S,0.0,0.8,0:00.67,httpd,1416,daemon,20,0,591m,9132,1336,S,0.0,0.8,0:00.00,httpd,1417,daemon,20,0,591m,9132,1336,S,0.0,0.8,0:00.00,httpd,1415,daemon,20,0,591m,9128,1332,S,0.0,0.8,0:00.00,httpd,1521,postfix,20,0,81332,4168,3032,S,0.0,0.3,0:00.03,local,1519,postfix,20,0,81176,3608,2684,S,0.0,0.3,0:00.06,cleanup,1376,postfix,20,0,81100,3580,2656,S,0.0,0.3,0:00.03,qmgr,5107,postfix,20,0,81032,3484,2584,S,0.0,0.3,0:00.00,pickup,1369,root,20,0,80952,3472,2564,S,0.0,0.3,0:00.06,master
201905271105,0.00,0.00,0.00,1274,mysql,20,0,368m,25m,5048,S,0.0,2.1,0:03.16,mysqld,1382,root,20,0,255m,9140,3744,S,0.0,0.8,0:00.68,httpd,1416,daemon,20,0,591m,9132,1336,S,0.0,0.8,0:00.00,httpd,1417,daemon,20,0,591m,9132,1336,S,0.0,0.8,0:00.00,httpd,1415,daemon,20,0,591m,9128,1332,S,0.0,0.8,0:00.00,httpd,1521,postfix,20,0,81332,4168,3032,S,0.0,0.3,0:00.03,local,1519,postfix,20,0,81176,3608,2684,S,0.0,0.3,0:00.06,cleanup,1376,postfix,20,0,81100,3580,2656,S,0.0,0.3,0:00.03,qmgr,5107,postfix,20,0,81032,3484,2584,S,0.0,0.3,0:00.00,pickup,1369,root,20,0,80952,3472,2564,S,0.0,0.3,0:00.06,master
201905271106,0.00,0.00,0.00,1274,mysql,20,0,368m,25m,5048,S,0.0,2.1,0:03.18,mysqld,1382,root,20,0,255m,9140,3744,S,0.0,0.8,0:00.68,httpd,1416,daemon,20,0,591m,9132,1336,S,0.0,0.8,0:00.00,httpd,1417,daemon,20,0,591m,9132,1336,S,0.0,0.8,0:00.00,httpd,1415,daemon,20,0,591m,9128,1332,S,0.0,0.8,0:00.00,httpd,1521,postfix,20,0,81332,4168,3032,S,0.0,0.3,0:00.03,local,1519,postfix,20,0,81176,3608,2684,S,0.0,0.3,0:00.06,cleanup,1376,postfix,20,0,81100,3580,2656,S,0.0,0.3,0:00.03,qmgr,5107,postfix,20,0,81032,3484,2584,S,0.0,0.3,0:00.00,pickup,1369,root,20,0,80952,3472,2564,S,0.0,0.3,0:00.07,master
201905271107,0.00,0.00,0.00,1274,mysql,20,0,368m,25m,5048,S,0.0,2.1,0:03.22,mysqld,1382,root,20,0,255m,9140,3744,S,0.0,0.8,0:00.69,httpd,1416,daemon,20,0,591m,9132,1336,S,0.0,0.8,0:00.00,httpd,1417,daemon,20,0,591m,9132,1336,S,0.0,0.8,0:00.00,httpd,1415,daemon,20,0,591m,9128,1332,S,0.0,0.8,0:00.00,httpd,1521,postfix,20,0,81332,4168,3032,S,0.0,0.3,0:00.03,local,1519,postfix,20,0,81176,3608,2684,S,0.0,0.3,0:00.06,cleanup,1376,postfix,20,0,81100,3580,2656,S,0.0,0.3,0:00.03,qmgr,5107,postfix,20,0,81032,3484,2584,S,0.0,0.3,0:00.00,pickup,1369,root,20,0,80952,3472,2564,S,0.0,0.3,0:00.07,master
201905271108,0.00,0.00,0.00,1274,mysql,20,0,368m,25m,5048,S,0.0,2.1,0:03.25,mysqld,1382,root,20,0,255m,9140,3744,S,0.0,0.8,0:00.70,httpd,1416,daemon,20,0,591m,9132,1336,S,0.0,0.8,0:00.00,httpd,1417,daemon,20,0,591m,9132,1336,S,0.0,0.8,0:00.00,httpd,1415,daemon,20,0,591m,9128,1332,S,0.0,0.8,0:00.00,httpd,1521,postfix,20,0,81332,4168,3032,S,0.0,0.3,0:00.03,local,1519,postfix,20,0,81176,3608,2684,S,0.0,0.3,0:00.06,cleanup,1376,postfix,20,0,81100,3580,2656,S,0.0,0.3,0:00.03,qmgr,5107,postfix,20,0,81032,3484,2584,S,0.0,0.3,0:00.00,pickup,1369,root,20,0,80952,3472,2564,S,0.0,0.3,0:00.07,master
201905271109,0.00,0.00,0.00,1274,mysql,20,0,368m,25m,5048,S,0.0,2.1,0:03.28,mysqld,1382,root,20,0,255m,9140,3744,S,0.0,0.8,0:00.70,httpd,1416,daemon,20,0,591m,9132,1336,S,0.0,0.8,0:00.00,httpd,1417,daemon,20,0,591m,9132,1336,S,0.0,0.8,0:00.00,httpd,1415,daemon,20,0,591m,9128,1332,S,0.0,0.8,0:00.00,httpd,1521,postfix,20,0,81332,4168,3032,S,0.0,0.3,0:00.03,local,1519,postfix,20,0,81176,3608,2684,S,0.0,0.3,0:00.06,cleanup,1376,postfix,20,0,81100,3580,2656,S,0.0,0.3,0:00.03,qmgr,5107,postfix,20,0,81032,3484,2584,S,0.0,0.3,0:00.00,pickup,1369,root,20,0,80952,3472,2564,S,0.0,0.3,0:00.07,master
201905271110,0.00,0.00,0.00,1274,mysql,20,0,368m,25m,5048,S,0.0,2.1,0:03.28,mysqld,1382,root,20,0,255m,9140,3744,S,0.0,0.8,0:00.71,httpd,1416,daemon,20,0,591m,9132,1336,S,0.0,0.8,0:00.00,httpd,1417,daemon,20,0,591m,9132,1336,S,0.0,0.8,0:00.00,httpd,1415,daemon,20,0,591m,9128,1332,S,0.0,0.8,0:00.00,httpd,1376,postfix,20,0,81100,3580,2656,S,0.0,0.3,0:00.03,qmgr,1369,root,20,0,80952,3472,2564,S,0.0,0.3,0:00.07,master,8768,postfix,20,0,81040,3448,2560,S,0.0,0.3,0:00.00,trivial-rewrite,1135,ntp,20,0,30740,2152,1540,S,0.0,0.2,0:00.13,ntpd,8751,root,20,0,136m,1736,1000,S,0.0,0.1,0:00.00,crond
201905271111,0.00,0.00,0.00,1274,mysql,20,0,368m,25m,5048,S,0.0,2.1,0:03.31,mysqld,1382,root,20,0,255m,9140,3744,S,0.0,0.8,0:00.71,httpd,1416,daemon,20,0,591m,9132,1336,S,0.0,0.8,0:00.00,httpd,1417,daemon,20,0,591m,9132,1336,S,0.0,0.8,0:00.00,httpd,1415,daemon,20,0,591m,9128,1332,S,0.0,0.8,0:00.00,httpd,8842,postfix,20,0,81332,4164,3032,S,0.0,0.3,0:00.00,local,8840,postfix,20,0,81176,3608,2684,S,0.0,0.3,0:00.00,cleanup,1376,postfix,20,0,81100,3580,2656,S,0.0,0.3,0:00.03,qmgr,8826,postfix,20,0,81032,3480,2584,S,0.0,0.3,0:00.00,pickup,1369,root,20,0,80952,3472,2564,S,0.0,0.3,0:00.07,master
201905271112,0.00,0.00,0.00,1274,mysql,20,0,368m,25m,5048,S,0.0,2.1,0:03.33,mysqld,1382,root,20,0,255m,9140,3744,S,0.0,0.8,0:00.72,httpd,1416,daemon,20,0,591m,9132,1336,S,0.0,0.8,0:00.00,httpd,1417,daemon,20,0,591m,9132,1336,S,0.0,0.8,0:00.00,httpd,1415,daemon,20,0,591m,9128,1332,S,0.0,0.8,0:00.00,httpd,8842,postfix,20,0,81332,4168,3032,S,0.0,0.3,0:00.00,local,8840,postfix,20,0,81176,3608,2684,S,0.0,0.3,0:00.00,cleanup,1376,postfix,20,0,81100,3580,2656,S,0.0,0.3,0:00.03,qmgr,8826,postfix,20,0,81032,3484,2584,S,0.0,0.3,0:00.00,pickup,1369,root,20,0,80952,3472,2564,S,0.0,0.3,0:00.07,master
201905271113,0.16,0.03,0.01,1274,mysql,20,0,368m,25m,5048,S,0.0,2.1,0:03.33,mysqld,1382,root,20,0,255m,9140,3744,S,0.0,0.8,0:00.72,httpd,1416,daemon,20,0,591m,9132,1336,S,0.0,0.8,0:00.00,httpd,1417,daemon,20,0,591m,9132,1336,S,0.0,0.8,0:00.00,httpd,1415,daemon,20,0,591m,9128,1332,S,0.0,0.8,0:00.00,httpd,8842,postfix,20,0,81332,4168,3032,S,0.0,0.3,0:00.00,local,8840,postfix,20,0,81176,3608,2684,S,0.0,0.3,0:00.00,cleanup,1376,postfix,20,0,81100,3580,2656,S,0.0,0.3,0:00.03,qmgr,8826,postfix,20,0,81032,3484,2584,S,0.0,0.3,0:00.00,pickup,1369,root,20,0,80952,3472,2564,S,0.0,0.3,0:00.07,master
201905271114,0.06,0.03,0.00,1274,mysql,20,0,368m,25m,5048,S,0.0,2.1,0:03.47,mysqld,1382,root,20,0,255m,9140,3744,S,0.0,0.8,0:00.74,httpd,1416,daemon,20,0,591m,9132,1336,S,0.0,0.8,0:00.00,httpd,1417,daemon,20,0,591m,9132,1336,S,0.0,0.8,0:00.00,httpd,1415,daemon,20,0,591m,9128,1332,S,0.0,0.8,0:00.00,httpd,8842,postfix,20,0,81332,4168,3032,S,0.0,0.3,0:00.00,local,8840,postfix,20,0,81176,3608,2684,S,0.0,0.3,0:00.00,cleanup,1376,postfix,20,0,81100,3580,2656,S,0.0,0.3,0:00.03,qmgr,8826,postfix,20,0,81032,3484,2584,S,0.0,0.3,0:00.00,pickup,1369,root,20,0,80952,3472,2564,S,0.0,0.3,0:00.07,master
201905271115,0.02,0.02,0.00,1274,mysql,20,0,368m,25m,5048,S,0.0,2.1,0:03.49,mysqld,1382,root,20,0,255m,9140,3744,S,0.0,0.8,0:00.74,httpd,1416,daemon,20,0,591m,9132,1336,S,0.0,0.8,0:00.00,httpd,1417,daemon,20,0,591m,9132,1336,S,0.0,0.8,0:00.00,httpd,1415,daemon,20,0,591m,9128,1332,S,0.0,0.8,0:00.00,httpd,8842,postfix,20,0,81332,4168,3032,S,0.0,0.3,0:00.00,local,8840,postfix,20,0,81176,3608,2684,S,0.0,0.3,0:00.00,cleanup,1376,postfix,20,0,81100,3580,2656,S,0.0,0.3,0:00.03,qmgr,8826,postfix,20,0,81032,3484,2584,S,0.0,0.3,0:00.00,pickup,1369,root,20,0,80952,3472,2564,S,0.0,0.3,0:00.07,master
201905271116,0.00,0.01,0.00,1274,mysql,20,0,368m,25m,5048,S,0.0,2.1,0:03.51,mysqld,1382,root,20,0,255m,9140,3744,S,0.0,0.8,0:00.75,httpd,1416,daemon,20,0,591m,9132,1336,S,0.0,0.8,0:00.00,httpd,1417,daemon,20,0,591m,9132,1336,S,0.0,0.8,0:00.00,httpd,1415,daemon,20,0,591m,9128,1332,S,0.0,0.8,0:00.00,httpd,8842,postfix,20,0,81332,4168,3032,S,0.0,0.3,0:00.00,local,8840,postfix,20,0,81176,3608,2684,S,0.0,0.3,0:00.00,cleanup,1376,postfix,20,0,81100,3580,2656,S,0.0,0.3,0:00.03,qmgr,8826,postfix,20,0,81032,3484,2584,S,0.0,0.3,0:00.00,pickup,1369,root,20,0,80952,3472,2564,S,0.0,0.3,0:00.07,master
201905271117,0.00,0.01,0.00,1274,mysql,20,0,368m,25m,5048,S,0.0,2.1,0:03.52,mysqld,1382,root,20,0,255m,9140,3744,S,0.0,0.8,0:00.75,httpd,1416,daemon,20,0,591m,9132,1336,S,0.0,0.8,0:00.00,httpd,1417,daemon,20,0,591m,9132,1336,S,0.0,0.8,0:00.00,httpd,1415,daemon,20,0,591m,9128,1332,S,0.0,0.8,0:00.00,httpd,8842,postfix,20,0,81332,4168,3032,S,0.0,0.3,0:00.00,local,8840,postfix,20,0,81176,3608,2684,S,0.0,0.3,0:00.00,cleanup,1376,postfix,20,0,81100,3580,2656,S,0.0,0.3,0:00.03,qmgr,8826,postfix,20,0,81032,3484,2584,S,0.0,0.3,0:00.00,pickup,1369,root,20,0,80952,3472,2564,S,0.0,0.3,0:00.07,master
201905271118,0.00,0.00,0.00,1274,mysql,20,0,368m,25m,5048,S,0.0,2.1,0:03.54,mysqld,1382,root,20,0,255m,9140,3744,S,0.0,0.8,0:00.76,httpd,1416,daemon,20,0,591m,9132,1336,S,0.0,0.8,0:00.00,httpd,1417,daemon,20,0,591m,9132,1336,S,0.0,0.8,0:00.00,httpd,1415,daemon,20,0,591m,9128,1332,S,0.0,0.8,0:00.00,httpd,8842,postfix,20,0,81332,4168,3032,S,0.0,0.3,0:00.00,local,8840,postfix,20,0,81176,3608,2684,S,0.0,0.3,0:00.00,cleanup,1376,postfix,20,0,81100,3580,2656,S,0.0,0.3,0:00.03,qmgr,8826,postfix,20,0,81032,3484,2584,S,0.0,0.3,0:00.00,pickup,1369,root,20,0,80952,3472,2564,S,0.0,0.3,0:00.07,master
201905271119,0.00,0.00,0.00,1274,mysql,20,0,368m,25m,5048,S,0.0,2.1,0:03.56,mysqld,1382,root,20,0,255m,9140,3744,S,0.0,0.8,0:00.76,httpd,1416,daemon,20,0,591m,9132,1336,S,0.0,0.8,0:00.00,httpd,1417,daemon,20,0,591m,9132,1336,S,0.0,0.8,0:00.00,httpd,1415,daemon,20,0,591m,9128,1332,S,0.0,0.8,0:00.00,httpd,8842,postfix,20,0,81332,4168,3032,S,0.0,0.3,0:00.00,local,8840,postfix,20,0,81176,3608,2684,S,0.0,0.3,0:00.00,cleanup,1376,postfix,20,0,81100,3580,2656,S,0.0,0.3,0:00.03,qmgr,8826,postfix,20,0,81032,3484,2584,S,0.0,0.3,0:00.00,pickup,1369,root,20,0,80952,3472,2564,S,0.0,0.3,0:00.07,master
201905271120,0.00,0.00,0.00,1274,mysql,20,0,368m,25m,5048,S,0.0,2.1,0:03.58,mysqld,1382,root,20,0,255m,9140,3744,S,0.0,0.8,0:00.76,httpd,1416,daemon,20,0,591m,9132,1336,S,0.0,0.8,0:00.00,httpd,1417,daemon,20,0,591m,9132,1336,S,0.0,0.8,0:00.00,httpd,1415,daemon,20,0,591m,9128,1332,S,0.0,0.8,0:00.00,httpd,8842,postfix,20,0,81332,4168,3032,S,0.0,0.3,0:00.00,local,8840,postfix,20,0,81176,3608,2684,S,0.0,0.3,0:00.00,cleanup,1376,postfix,20,0,81100,3580,2656,S,0.0,0.3,0:00.03,qmgr,8826,postfix,20,0,81032,3484,2584,S,0.0,0.3,0:00.00,pickup,1369,root,20,0,80952,3472,2564,S,0.0,0.3,0:00.07,master
201905271121,0.00,0.00,0.00,1274,mysql,20,0,368m,25m,5048,S,0.0,2.1,0:03.60,mysqld,1382,root,20,0,255m,9140,3744,S,0.0,0.8,0:00.77,httpd,1416,daemon,20,0,591m,9132,1336,S,0.0,0.8,0:00.00,httpd,1417,daemon,20,0,591m,9132,1336,S,0.0,0.8,0:00.00,httpd,1415,daemon,20,0,591m,9128,1332,S,0.0,0.8,0:00.00,httpd,8842,postfix,20,0,81332,4168,3032,S,0.0,0.3,0:00.00,local,8840,postfix,20,0,81176,3608,2684,S,0.0,0.3,0:00.00,cleanup,1376,postfix,20,0,81100,3580,2656,S,0.0,0.3,0:00.03,qmgr,8826,postfix,20,0,81032,3484,2584,S,0.0,0.3,0:00.00,pickup,1369,root,20,0,80952,3472,2564,S,0.0,0.3,0:00.07,master
201905271122,0.00,0.00,0.00,1274,mysql,20,0,368m,25m,5048,S,0.0,2.1,0:03.61,mysqld,1382,root,20,0,255m,9140,3744,S,0.0,0.8,0:00.77,httpd,1416,daemon,20,0,591m,9132,1336,S,0.0,0.8,0:00.00,httpd,1417,daemon,20,0,591m,9132,1336,S,0.0,0.8,0:00.00,httpd,1415,daemon,20,0,591m,9128,1332,S,0.0,0.8,0:00.00,httpd,8842,postfix,20,0,81332,4168,3032,S,0.0,0.3,0:00.00,local,8840,postfix,20,0,81176,3608,2684,S,0.0,0.3,0:00.00,cleanup,1376,postfix,20,0,81100,3580,2656,S,0.0,0.3,0:00.03,qmgr,8826,postfix,20,0,81032,3484,2584,S,0.0,0.3,0:00.00,pickup,1369,root,20,0,80952,3472,2564,S,0.0,0.3,0:00.07,master
201905271123,0.00,0.00,0.00,1274,mysql,20,0,368m,25m,5048,S,0.0,2.1,0:03.63,mysqld,1382,root,20,0,255m,9140,3744,S,0.0,0.8,0:00.78,httpd,1416,daemon,20,0,591m,9132,1336,S,0.0,0.8,0:00.00,httpd,1417,daemon,20,0,591m,9132,1336,S,0.0,0.8,0:00.00,httpd,1415,daemon,20,0,591m,9128,1332,S,0.0,0.8,0:00.00,httpd,8842,postfix,20,0,81332,4168,3032,S,0.0,0.3,0:00.00,local,8840,postfix,20,0,81176,3608,2684,S,0.0,0.3,0:00.00,cleanup,1376,postfix,20,0,81100,3580,2656,S,0.0,0.3,0:00.03,qmgr,8826,postfix,20,0,81032,3484,2584,S,0.0,0.3,0:00.00,pickup,1369,root,20,0,80952,3472,2564,S,0.0,0.3,0:00.07,master
201905271124,0.00,0.00,0.00,1274,mysql,20,0,368m,25m,5048,S,0.0,2.1,0:03.64,mysqld,1382,root,20,0,255m,9140,3744,S,0.0,0.8,0:00.78,httpd,1416,daemon,20,0,591m,9132,1336,S,0.0,0.8,0:00.00,httpd,1417,daemon,20,0,591m,9132,1336,S,0.0,0.8,0:00.00,httpd,1415,daemon,20,0,591m,9128,1332,S,0.0,0.8,0:00.00,httpd,8842,postfix,20,0,81332,4168,3032,S,0.0,0.3,0:00.00,local,8840,postfix,20,0,81176,3608,2684,S,0.0,0.3,0:00.00,cleanup,1376,postfix,20,0,81100,3580,2656,S,0.0,0.3,0:00.03,qmgr,8826,postfix,20,0,81032,3484,2584,S,0.0,0.3,0:00.00,pickup,1369,root,20,0,80952,3472,2564,S,0.0,0.3,0:00.07,master
201905271125,0.00,0.00,0.00,1274,mysql,20,0,368m,25m,5048,S,0.0,2.1,0:03.67,mysqld,1382,root,20,0,255m,9140,3744,S,0.0,0.8,0:00.79,httpd,1416,daemon,20,0,591m,9132,1336,S,0.0,0.8,0:00.00,httpd,1417,daemon,20,0,591m,9132,1336,S,0.0,0.8,0:00.00,httpd,1415,daemon,20,0,591m,9128,1332,S,0.0,0.8,0:00.00,httpd,8842,postfix,20,0,81332,4168,3032,S,0.0,0.3,0:00.00,local,8840,postfix,20,0,81176,3608,2684,S,0.0,0.3,0:00.00,cleanup,1376,postfix,20,0,81100,3580,2656,S,0.0,0.3,0:00.03,qmgr,8826,postfix,20,0,81032,3484,2584,S,0.0,0.3,0:00.00,pickup,1369,root,20,0,80952,3472,2564,S,0.0,0.3,0:00.07,master
201905271126,0.00,0.00,0.00,1274,mysql,20,0,368m,25m,5048,S,0.0,2.1,0:03.72,mysqld,1382,root,20,0,255m,9140,3744,S,0.0,0.8,0:00.79,httpd,1416,daemon,20,0,591m,9132,1336,S,0.0,0.8,0:00.00,httpd,1417,daemon,20,0,591m,9132,1336,S,0.0,0.8,0:00.00,httpd,1415,daemon,20,0,591m,9128,1332,S,0.0,0.8,0:00.00,httpd,8842,postfix,20,0,81332,4168,3032,S,0.0,0.3,0:00.00,local,8840,postfix,20,0,81176,3608,2684,S,0.0,0.3,0:00.00,cleanup,1376,postfix,20,0,81100,3580,2656,S,0.0,0.3,0:00.03,qmgr,8826,postfix,20,0,81032,3484,2584,S,0.0,0.3,0:00.00,pickup,1369,root,20,0,80952,3472,2564,S,0.0,0.3,0:00.08,master
201905271127,0.00,0.00,0.00,1274,mysql,20,0,368m,25m,5048,S,0.0,2.1,0:03.72,mysqld,1382,root,20,0,255m,9140,3744,S,0.0,0.8,0:00.80,httpd,1416,daemon,20,0,591m,9132,1336,S,0.0,0.8,0:00.00,httpd,1417,daemon,20,0,591m,9132,1336,S,0.0,0.8,0:00.00,httpd,1415,daemon,20,0,591m,9128,1332,S,0.0,0.8,0:00.00,httpd,8842,postfix,20,0,81332,4168,3032,S,0.0,0.3,0:00.00,local,8840,postfix,20,0,81176,3608,2684,S,0.0,0.3,0:00.00,cleanup,1376,postfix,20,0,81100,3580,2656,S,0.0,0.3,0:00.03,qmgr,8826,postfix,20,0,81032,3484,2584,S,0.0,0.3,0:00.00,pickup,1369,root,20,0,80952,3472,2564,S,0.0,0.3,0:00.08,master
201905271128,0.00,0.00,0.00,1274,mysql,20,0,368m,25m,5048,S,0.0,2.1,0:03.75,mysqld,1382,root,20,0,255m,9140,3744,S,0.0,0.8,0:00.80,httpd,1416,daemon,20,0,591m,9132,1336,S,0.0,0.8,0:00.00,httpd,1417,daemon,20,0,591m,9132,1336,S,0.0,0.8,0:00.00,httpd,1415,daemon,20,0,591m,9128,1332,S,0.0,0.8,0:00.00,httpd,8842,postfix,20,0,81332,4168,3032,S,0.0,0.3,0:00.00,local,8840,postfix,20,0,81176,3608,2684,S,0.0,0.3,0:00.00,cleanup,1376,postfix,20,0,81100,3580,2656,S,0.0,0.3,0:00.03,qmgr,8826,postfix,20,0,81032,3484,2584,S,0.0,0.3,0:00.00,pickup,1369,root,20,0,80952,3472,2564,S,0.0,0.3,0:00.08,master
201905271129,0.00,0.00,0.00,1274,mysql,20,0,368m,25m,5048,S,0.0,2.1,0:03.75,mysqld,1382,root,20,0,255m,9140,3744,S,0.0,0.8,0:00.81,httpd,1416,daemon,20,0,591m,9132,1336,S,0.0,0.8,0:00.00,httpd,1417,daemon,20,0,591m,9132,1336,S,0.0,0.8,0:00.00,httpd,1415,daemon,20,0,591m,9128,1332,S,0.0,0.8,0:00.00,httpd,8842,postfix,20,0,81332,4168,3032,S,0.0,0.3,0:00.00,local,8840,postfix,20,0,81176,3608,2684,S,0.0,0.3,0:00.00,cleanup,1376,postfix,20,0,81100,3580,2656,S,0.0,0.3,0:00.03,qmgr,8826,postfix,20,0,81032,3484,2584,S,0.0,0.3,0:00.00,pickup,1369,root,20,0,80952,3472,2564,S,0.0,0.3,0:00.08,master
201905271130,0.00,0.00,0.00,1274,mysql,20,0,368m,25m,5048,S,0.0,2.1,0:03.78,mysqld,1382,root,20,0,255m,9140,3744,S,0.0,0.8,0:00.81,httpd,1416,daemon,20,0,591m,9132,1336,S,0.0,0.8,0:00.00,httpd,1417,daemon,20,0,591m,9132,1336,S,0.0,0.8,0:00.00,httpd,1415,daemon,20,0,591m,9128,1332,S,0.0,0.8,0:00.00,httpd,8842,postfix,20,0,81332,4168,3032,S,0.0,0.3,0:00.00,local,8840,postfix,20,0,81176,3608,2684,S,0.0,0.3,0:00.00,cleanup,1376,postfix,20,0,81100,3580,2656,S,0.0,0.3,0:00.03,qmgr,8826,postfix,20,0,81032,3484,2584,S,0.0,0.3,0:00.00,pickup,1369,root,20,0,80952,3472,2564,S,0.0,0.3,0:00.09,master
201905271131,0.00,0.00,0.00,1274,mysql,20,0,368m,25m,5048,S,0.0,2.1,0:03.80,mysqld,1382,root,20,0,255m,9140,3744,S,0.0,0.8,0:00.82,httpd,1416,daemon,20,0,591m,9132,1336,S,0.0,0.8,0:00.00,httpd,1417,daemon,20,0,591m,9132,1336,S,0.0,0.8,0:00.00,httpd,1415,daemon,20,0,591m,9128,1332,S,0.0,0.8,0:00.00,httpd,8842,postfix,20,0,81332,4168,3032,S,0.0,0.3,0:00.00,local,8840,postfix,20,0,81176,3608,2684,S,0.0,0.3,0:00.00,cleanup,1376,postfix,20,0,81100,3580,2656,S,0.0,0.3,0:00.03,qmgr,8826,postfix,20,0,81032,3484,2584,S,0.0,0.3,0:00.00,pickup,1369,root,20,0,80952,3472,2564,S,0.0,0.3,0:00.09,master
201905271132,0.00,0.00,0.00,1274,mysql,20,0,368m,25m,5048,S,0.0,2.1,0:03.81,mysqld,1382,root,20,0,255m,9140,3744,S,0.0,0.8,0:00.83,httpd,1416,daemon,20,0,591m,9132,1336,S,0.0,0.8,0:00.00,httpd,1417,daemon,20,0,591m,9132,1336,S,0.0,0.8,0:00.00,httpd,1415,daemon,20,0,591m,9128,1332,S,0.0,0.8,0:00.00,httpd,8842,postfix,20,0,81332,4168,3032,S,0.0,0.3,0:00.00,local,8840,postfix,20,0,81176,3608,2684,S,0.0,0.3,0:00.00,cleanup,1376,postfix,20,0,81100,3580,2656,S,0.0,0.3,0:00.03,qmgr,8826,postfix,20,0,81032,3484,2584,S,0.0,0.3,0:00.00,pickup,1369,root,20,0,80952,3472,2564,S,0.0,0.3,0:00.09,master
201905271133,0.00,0.00,0.00,1274,mysql,20,0,368m,25m,5048,S,0.0,2.1,0:03.82,mysqld,1382,root,20,0,255m,9140,3744,S,0.0,0.8,0:00.84,httpd,1416,daemon,20,0,591m,9132,1336,S,0.0,0.8,0:00.00,httpd,1417,daemon,20,0,591m,9132,1336,S,0.0,0.8,0:00.00,httpd,1415,daemon,20,0,591m,9128,1332,S,0.0,0.8,0:00.00,httpd,8842,postfix,20,0,81332,4168,3032,S,0.0,0.3,0:00.00,local,8840,postfix,20,0,81176,3608,2684,S,0.0,0.3,0:00.00,cleanup,1376,postfix,20,0,81100,3580,2656,S,0.0,0.3,0:00.03,qmgr,8826,postfix,20,0,81032,3484,2584,S,0.0,0.3,0:00.00,pickup,1369,root,20,0,80952,3472,2564,S,0.0,0.3,0:00.09,master
201905271134,0.00,0.00,0.00,1274,mysql,20,0,368m,25m,5048,S,0.0,2.1,0:03.85,mysqld,1382,root,20,0,255m,9140,3744,S,0.0,0.8,0:00.84,httpd,1416,daemon,20,0,591m,9132,1336,S,0.0,0.8,0:00.00,httpd,1417,daemon,20,0,591m,9132,1336,S,0.0,0.8,0:00.00,httpd,1415,daemon,20,0,591m,9128,1332,S,0.0,0.8,0:00.00,httpd,8842,postfix,20,0,81332,4168,3032,S,0.0,0.3,0:00.00,local,8840,postfix,20,0,81176,3608,2684,S,0.0,0.3,0:00.00,cleanup,1376,postfix,20,0,81100,3580,2656,S,0.0,0.3,0:00.03,qmgr,8826,postfix,20,0,81032,3484,2584,S,0.0,0.3,0:00.00,pickup,1369,root,20,0,80952,3472,2564,S,0.0,0.3,0:00.09,master
201905271135,0.00,0.00,0.00,1274,mysql,20,0,368m,25m,5048,S,0.0,2.1,0:03.86,mysqld,1382,root,20,0,255m,9140,3744,S,0.0,0.8,0:00.85,httpd,1416,daemon,20,0,591m,9132,1336,S,0.0,0.8,0:00.00,httpd,1417,daemon,20,0,591m,9132,1336,S,0.0,0.8,0:00.00,httpd,1415,daemon,20,0,591m,9128,1332,S,0.0,0.8,0:00.00,httpd,8842,postfix,20,0,81332,4168,3032,S,0.0,0.3,0:00.00,local,8840,postfix,20,0,81176,3608,2684,S,0.0,0.3,0:00.00,cleanup,1376,postfix,20,0,81100,3580,2656,S,0.0,0.3,0:00.03,qmgr,8826,postfix,20,0,81032,3484,2584,S,0.0,0.3,0:00.00,pickup,1369,root,20,0,80952,3472,2564,S,0.0,0.3,0:00.09,master
201905271136,0.16,0.03,0.01,1274,mysql,20,0,368m,25m,5048,S,0.0,2.1,0:03.87,mysqld,1382,root,20,0,255m,9140,3744,S,0.0,0.8,0:00.85,httpd,1416,daemon,20,0,591m,9132,1336,S,0.0,0.8,0:00.00,httpd,1417,daemon,20,0,591m,9132,1336,S,0.0,0.8,0:00.00,httpd,1415,daemon,20,0,591m,9128,1332,S,0.0,0.8,0:00.00,httpd,8842,postfix,20,0,81332,4168,3032,S,0.0,0.3,0:00.00,local,8840,postfix,20,0,81176,3608,2684,S,2.0,0.3,0:00.01,cleanup,1376,postfix,20,0,81100,3580,2656,S,0.0,0.3,0:00.03,qmgr,8826,postfix,20,0,81032,3484,2584,S,0.0,0.3,0:00.00,pickup,1369,root,20,0,80952,3472,2564,S,0.0,0.3,0:00.09,master
201905271137,0.06,0.03,0.00,1274,mysql,20,0,368m,25m,5048,S,0.0,2.1,0:03.89,mysqld,1382,root,20,0,255m,9140,3744,S,0.0,0.8,0:00.86,httpd,1416,daemon,20,0,591m,9132,1336,S,0.0,0.8,0:00.00,httpd,1417,daemon,20,0,591m,9132,1336,S,0.0,0.8,0:00.00,httpd,1415,daemon,20,0,591m,9128,1332,S,0.0,0.8,0:00.00,httpd,8842,postfix,20,0,81332,4168,3032,S,0.0,0.3,0:00.00,local,8840,postfix,20,0,81176,3608,2684,S,0.0,0.3,0:00.01,cleanup,1376,postfix,20,0,81100,3580,2656,S,0.0,0.3,0:00.03,qmgr,8826,postfix,20,0,81032,3484,2584,S,0.0,0.3,0:00.00,pickup,1369,root,20,0,80952,3472,2564,S,0.0,0.3,0:00.09,master
201905271138,0.02,0.02,0.00,1274,mysql,20,0,368m,25m,5048,S,0.0,2.1,0:03.91,mysqld,1382,root,20,0,255m,9140,3744,S,0.0,0.8,0:00.86,httpd,1416,daemon,20,0,591m,9132,1336,S,0.0,0.8,0:00.00,httpd,1417,daemon,20,0,591m,9132,1336,S,0.0,0.8,0:00.00,httpd,1415,daemon,20,0,591m,9128,1332,S,0.0,0.8,0:00.00,httpd,8842,postfix,20,0,81332,4168,3032,S,0.0,0.3,0:00.00,local,8840,postfix,20,0,81176,3608,2684,S,0.0,0.3,0:00.01,cleanup,1376,postfix,20,0,81100,3580,2656,S,0.0,0.3,0:00.03,qmgr,8826,postfix,20,0,81032,3484,2584,S,0.0,0.3,0:00.00,pickup,1369,root,20,0,80952,3472,2564,S,0.0,0.3,0:00.09,master
201905271139,0.00,0.01,0.00,1274,mysql,20,0,368m,25m,5048,S,0.0,2.1,0:03.93,mysqld,1382,root,20,0,255m,9140,3744,S,0.0,0.8,0:00.87,httpd,1416,daemon,20,0,591m,9132,1336,S,0.0,0.8,0:00.00,httpd,1417,daemon,20,0,591m,9132,1336,S,0.0,0.8,0:00.00,httpd,1415,daemon,20,0,591m,9128,1332,S,0.0,0.8,0:00.00,httpd,8842,postfix,20,0,81332,4168,3032,S,0.0,0.3,0:00.00,local,8840,postfix,20,0,81176,3608,2684,S,0.0,0.3,0:00.01,cleanup,1376,postfix,20,0,81100,3580,2656,S,0.0,0.3,0:00.03,qmgr,8826,postfix,20,0,81032,3484,2584,S,0.0,0.3,0:00.00,pickup,1369,root,20,0,80952,3472,2564,S,0.0,0.3,0:00.09,master
201905271140,0.00,0.01,0.00,1274,mysql,20,0,368m,25m,5048,S,0.0,2.1,0:03.94,mysqld,1382,root,20,0,255m,9140,3744,S,0.0,0.8,0:00.87,httpd,1416,daemon,20,0,591m,9132,1336,S,0.0,0.8,0:00.00,httpd,1417,daemon,20,0,591m,9132,1336,S,0.0,0.8,0:00.00,httpd,1415,daemon,20,0,591m,9128,1332,S,0.0,0.8,0:00.00,httpd,8842,postfix,20,0,81332,4168,3032,S,0.0,0.3,0:00.00,local,8840,postfix,20,0,81176,3608,2684,S,0.0,0.3,0:00.01,cleanup,1376,postfix,20,0,81100,3580,2656,S,0.0,0.3,0:00.03,qmgr,8826,postfix,20,0,81032,3484,2584,S,0.0,0.3,0:00.00,pickup,1369,root,20,0,80952,3472,2564,S,0.0,0.3,0:00.09,master
201905271141,0.00,0.00,0.00,1274,mysql,20,0,368m,25m,5048,S,0.0,2.1,0:03.95,mysqld,1382,root,20,0,255m,9140,3744,S,0.0,0.8,0:00.87,httpd,1416,daemon,20,0,591m,9132,1336,S,0.0,0.8,0:00.00,httpd,1417,daemon,20,0,591m,9132,1336,S,0.0,0.8,0:00.00,httpd,1415,daemon,20,0,591m,9128,1332,S,0.0,0.8,0:00.00,httpd,8842,postfix,20,0,81332,4168,3032,S,0.0,0.3,0:00.00,local,8840,postfix,20,0,81176,3608,2684,S,0.0,0.3,0:00.01,cleanup,1376,postfix,20,0,81100,3580,2656,S,0.0,0.3,0:00.03,qmgr,8826,postfix,20,0,81032,3484,2584,S,0.0,0.3,0:00.00,pickup,1369,root,20,0,80952,3472,2564,S,0.0,0.3,0:00.09,master
201905271142,0.00,0.00,0.00,1274,mysql,20,0,368m,25m,5048,S,0.0,2.1,0:03.98,mysqld,1382,root,20,0,255m,9140,3744,S,0.0,0.8,0:00.88,httpd,1416,daemon,20,0,591m,9132,1336,S,0.0,0.8,0:00.00,httpd,1417,daemon,20,0,591m,9132,1336,S,0.0,0.8,0:00.00,httpd,1415,daemon,20,0,591m,9128,1332,S,0.0,0.8,0:00.00,httpd,8842,postfix,20,0,81332,4168,3032,S,0.0,0.3,0:00.00,local,8840,postfix,20,0,81176,3608,2684,S,0.0,0.3,0:00.01,cleanup,1376,postfix,20,0,81100,3580,2656,S,0.0,0.3,0:00.03,qmgr,8826,postfix,20,0,81032,3484,2584,S,0.0,0.3,0:00.00,pickup,1369,root,20,0,80952,3472,2564,S,0.0,0.3,0:00.09,master
201905271143,0.00,0.00,0.00,1274,mysql,20,0,368m,25m,5048,S,0.0,2.1,0:04.00,mysqld,1382,root,20,0,255m,9140,3744,S,0.0,0.8,0:00.88,httpd,1416,daemon,20,0,591m,9132,1336,S,0.0,0.8,0:00.00,httpd,1417,daemon,20,0,591m,9132,1336,S,0.0,0.8,0:00.00,httpd,1415,daemon,20,0,591m,9128,1332,S,0.0,0.8,0:00.00,httpd,8842,postfix,20,0,81332,4168,3032,S,0.0,0.3,0:00.00,local,8840,postfix,20,0,81176,3608,2684,S,0.0,0.3,0:00.01,cleanup,1376,postfix,20,0,81100,3580,2656,S,0.0,0.3,0:00.03,qmgr,8826,postfix,20,0,81032,3484,2584,S,0.0,0.3,0:00.00,pickup,1369,root,20,0,80952,3472,2564,S,0.0,0.3,0:00.09,master
201905271144,0.00,0.00,0.00,1274,mysql,20,0,368m,25m,5048,S,0.0,2.1,0:04.81,mysqld,1382,root,20,0,255m,9140,3744,S,0.0,0.8,0:00.89,httpd,1416,daemon,20,0,591m,9132,1336,S,0.0,0.8,0:00.00,httpd,1417,daemon,20,0,591m,9132,1336,S,0.0,0.8,0:00.00,httpd,1415,daemon,20,0,591m,9128,1332,S,0.0,0.8,0:00.00,httpd,8842,postfix,20,0,81332,4168,3032,S,0.0,0.3,0:00.00,local,8840,postfix,20,0,81176,3608,2684,S,0.0,0.3,0:00.01,cleanup,1376,postfix,20,0,81100,3580,2656,S,0.0,0.3,0:00.03,qmgr,8826,postfix,20,0,81032,3484,2584,S,0.0,0.3,0:00.00,pickup,1369,root,20,0,80952,3472,2564,S,2.0,0.3,0:00.10,master
201905271145,0.00,0.00,0.00,1274,mysql,20,0,368m,25m,5048,S,0.0,2.1,0:04.84,mysqld,1382,root,20,0,255m,9140,3744,S,0.0,0.8,0:00.89,httpd,1416,daemon,20,0,591m,9132,1336,S,0.0,0.8,0:00.00,httpd,1417,daemon,20,0,591m,9132,1336,S,0.0,0.8,0:00.00,httpd,1415,daemon,20,0,591m,9128,1332,S,0.0,0.8,0:00.00,httpd,8842,postfix,20,0,81332,4168,3032,S,0.0,0.3,0:00.00,local,8840,postfix,20,0,81176,3608,2684,S,0.0,0.3,0:00.01,cleanup,1376,postfix,20,0,81100,3580,2656,S,0.0,0.3,0:00.03,qmgr,8826,postfix,20,0,81032,3484,2584,S,0.0,0.3,0:00.00,pickup,1369,root,20,0,80952,3472,2564,S,0.0,0.3,0:00.10,master
201905271146,0.00,0.00,0.00,1274,mysql,20,0,368m,25m,5048,S,0.0,2.1,0:04.86,mysqld,1382,root,20,0,255m,9140,3744,S,0.0,0.8,0:00.90,httpd,1416,daemon,20,0,591m,9132,1336,S,0.0,0.8,0:00.00,httpd,1417,daemon,20,0,591m,9132,1336,S,0.0,0.8,0:00.00,httpd,1415,daemon,20,0,591m,9128,1332,S,0.0,0.8,0:00.00,httpd,8842,postfix,20,0,81332,4168,3032,S,0.0,0.3,0:00.00,local,8840,postfix,20,0,81176,3608,2684,S,0.0,0.3,0:00.01,cleanup,1376,postfix,20,0,81100,3580,2656,S,0.0,0.3,0:00.03,qmgr,8826,postfix,20,0,81032,3484,2584,S,0.0,0.3,0:00.00,pickup,1369,root,20,0,80952,3472,2564,S,0.0,0.3,0:00.10,master
201905271147,0.00,0.00,0.00,1274,mysql,20,0,368m,25m,5048,S,0.0,2.1,0:04.88,mysqld,1382,root,20,0,255m,9140,3744,S,0.0,0.8,0:00.90,httpd,1416,daemon,20,0,591m,9132,1336,S,0.0,0.8,0:00.00,httpd,1417,daemon,20,0,591m,9132,1336,S,0.0,0.8,0:00.00,httpd,1415,daemon,20,0,591m,9128,1332,S,0.0,0.8,0:00.00,httpd,8842,postfix,20,0,81332,4168,3032,S,0.0,0.3,0:00.00,local,8840,postfix,20,0,81176,3608,2684,S,0.0,0.3,0:00.01,cleanup,1376,postfix,20,0,81100,3580,2656,S,0.0,0.3,0:00.03,qmgr,8826,postfix,20,0,81032,3484,2584,S,0.0,0.3,0:00.00,pickup,1369,root,20,0,80952,3472,2564,S,0.0,0.3,0:00.10,master
201905271148,0.24,0.05,0.02,1274,mysql,20,0,368m,25m,5048,S,0.0,2.1,0:04.90,mysqld,1382,root,20,0,255m,9140,3744,S,0.0,0.8,0:00.91,httpd,1416,daemon,20,0,591m,9132,1336,S,0.0,0.8,0:00.00,httpd,1417,daemon,20,0,591m,9132,1336,S,0.0,0.8,0:00.00,httpd,1415,daemon,20,0,591m,9128,1332,S,0.0,0.8,0:00.00,httpd,8842,postfix,20,0,81332,4168,3032,S,0.0,0.3,0:00.00,local,8840,postfix,20,0,81176,3608,2684,S,0.0,0.3,0:00.01,cleanup,1376,postfix,20,0,81100,3580,2656,S,0.0,0.3,0:00.03,qmgr,8826,postfix,20,0,81032,3484,2584,S,0.0,0.3,0:00.00,pickup,1369,root,20,0,80952,3472,2564,S,0.0,0.3,0:00.10,master
201905271149,0.09,0.04,0.01,1274,mysql,20,0,368m,25m,5048,S,0.0,2.1,0:04.94,mysqld,1382,root,20,0,255m,9140,3744,S,0.0,0.8,0:00.91,httpd,1416,daemon,20,0,591m,9132,1336,S,0.0,0.8,0:00.00,httpd,1417,daemon,20,0,591m,9132,1336,S,0.0,0.8,0:00.00,httpd,1415,daemon,20,0,591m,9128,1332,S,0.0,0.8,0:00.00,httpd,8842,postfix,20,0,81332,4168,3032,S,0.0,0.3,0:00.00,local,8840,postfix,20,0,81176,3608,2684,S,0.0,0.3,0:00.01,cleanup,1376,postfix,20,0,81100,3580,2656,S,0.0,0.3,0:00.04,qmgr,8826,postfix,20,0,81032,3484,2584,S,0.0,0.3,0:00.00,pickup,1369,root,20,0,80952,3472,2564,S,0.0,0.3,0:00.10,master
201905271150,0.03,0.03,0.00,1274,mysql,20,0,368m,25m,5048,S,0.0,2.1,0:04.94,mysqld,1382,root,20,0,255m,9140,3744,S,0.0,0.8,0:00.92,httpd,1416,daemon,20,0,591m,9132,1336,S,0.0,0.8,0:00.00,httpd,1417,daemon,20,0,591m,9132,1336,S,0.0,0.8,0:00.00,httpd,1415,daemon,20,0,591m,9128,1332,S,0.0,0.8,0:00.00,httpd,8842,postfix,20,0,81332,4168,3032,S,0.0,0.3,0:00.00,local,8840,postfix,20,0,81176,3608,2684,S,0.0,0.3,0:00.01,cleanup,1376,postfix,20,0,81100,3580,2656,S,0.0,0.3,0:00.04,qmgr,8826,postfix,20,0,81032,3484,2584,S,0.0,0.3,0:00.00,pickup,1369,root,20,0,80952,3472,2564,S,0.0,0.3,0:00.10,master
201905271151,0.01,0.02,0.00,1274,mysql,20,0,368m,25m,5048,S,0.0,2.1,0:04.99,mysqld,1382,root,20,0,255m,9140,3744,S,0.0,0.8,0:00.93,httpd,1416,daemon,20,0,591m,9132,1336,S,0.0,0.8,0:00.00,httpd,1417,daemon,20,0,591m,9132,1336,S,0.0,0.8,0:00.00,httpd,1415,daemon,20,0,591m,9128,1332,S,0.0,0.8,0:00.00,httpd,8842,postfix,20,0,81332,4168,3032,S,0.0,0.3,0:00.00,local,8840,postfix,20,0,81176,3608,2684,S,0.0,0.3,0:00.01,cleanup,1376,postfix,20,0,81100,3580,2656,S,0.0,0.3,0:00.04,qmgr,8826,postfix,20,0,81032,3484,2584,S,0.0,0.3,0:00.01,pickup,1369,root,20,0,80952,3472,2564,S,0.0,0.3,0:00.10,master
201905271152,0.00,0.02,0.00,1274,mysql,20,0,368m,25m,5048,S,0.0,2.1,0:05.00,mysqld,1382,root,20,0,255m,9140,3744,S,0.0,0.8,0:00.93,httpd,1416,daemon,20,0,591m,9132,1336,S,0.0,0.8,0:00.00,httpd,1417,daemon,20,0,591m,9132,1336,S,0.0,0.8,0:00.00,httpd,1415,daemon,20,0,591m,9128,1332,S,0.0,0.8,0:00.00,httpd,8842,postfix,20,0,81332,4168,3032,S,0.0,0.3,0:00.00,local,8840,postfix,20,0,81176,3608,2684,S,0.0,0.3,0:00.01,cleanup,1376,postfix,20,0,81100,3580,2656,S,0.0,0.3,0:00.04,qmgr,8826,postfix,20,0,81032,3484,2584,S,0.0,0.3,0:00.01,pickup,1369,root,20,0,80952,3472,2564,S,0.0,0.3,0:00.10,master
201905271153,0.03,0.03,0.00,1274,mysql,20,0,368m,25m,5048,S,0.0,2.1,0:05.02,mysqld,1382,root,20,0,255m,9140,3744,S,0.0,0.8,0:00.94,httpd,1416,daemon,20,0,591m,9132,1336,S,0.0,0.8,0:00.00,httpd,1417,daemon,20,0,591m,9132,1336,S,0.0,0.8,0:00.00,httpd,1415,daemon,20,0,591m,9128,1332,S,0.0,0.8,0:00.00,httpd,8842,postfix,20,0,81332,4168,3032,S,0.0,0.3,0:00.00,local,8840,postfix,20,0,81176,3608,2684,S,0.0,0.3,0:00.01,cleanup,1376,postfix,20,0,81100,3580,2656,S,0.0,0.3,0:00.04,qmgr,8826,postfix,20,0,81032,3484,2584,S,0.0,0.3,0:00.01,pickup,1369,root,20,0,80952,3472,2564,S,0.0,0.3,0:00.10,master
201905271154,0.01,0.02,0.00,1274,mysql,20,0,368m,25m,5048,S,0.0,2.1,0:05.03,mysqld,1382,root,20,0,255m,9140,3744,S,0.0,0.8,0:00.94,httpd,1416,daemon,20,0,591m,9132,1336,S,0.0,0.8,0:00.00,httpd,1417,daemon,20,0,591m,9132,1336,S,0.0,0.8,0:00.00,httpd,1415,daemon,20,0,591m,9128,1332,S,0.0,0.8,0:00.00,httpd,8842,postfix,20,0,81332,4168,3032,S,0.0,0.3,0:00.00,local,8840,postfix,20,0,81176,3608,2684,S,0.0,0.3,0:00.02,cleanup,1376,postfix,20,0,81100,3580,2656,S,0.0,0.3,0:00.04,qmgr,8826,postfix,20,0,81032,3484,2584,S,0.0,0.3,0:00.01,pickup,1369,root,20,0,80952,3472,2564,S,0.0,0.3,0:00.10,master
201905271155,0.00,0.01,0.00,1274,mysql,20,0,368m,25m,5048,S,0.0,2.1,0:05.05,mysqld,1382,root,20,0,255m,9140,3744,S,0.0,0.8,0:00.96,httpd,1416,daemon,20,0,591m,9132,1336,S,0.0,0.8,0:00.00,httpd,1417,daemon,20,0,591m,9132,1336,S,0.0,0.8,0:00.00,httpd,1415,daemon,20,0,591m,9128,1332,S,0.0,0.8,0:00.00,httpd,8842,postfix,20,0,81332,4168,3032,S,0.0,0.3,0:00.00,local,8840,postfix,20,0,81176,3608,2684,S,0.0,0.3,0:00.02,cleanup,1376,postfix,20,0,81100,3580,2656,S,0.0,0.3,0:00.04,qmgr,8826,postfix,20,0,81032,3484,2584,S,0.0,0.3,0:00.01,pickup,1369,root,20,0,80952,3472,2564,S,0.0,0.3,0:00.10,master
